hour, t(sec), Tap (pu)
0, 1.00000, 1
0, 2.00000, 1
0, 3.00000, 1
0, 4.00000, 1
0, 5.00000, 1
0, 6.00000, 1
0, 7.00000, 1
0, 8.00000, 1
0, 9.00000, 1
0, 10.00000, 1
0, 11.00000, 1
0, 12.00000, 1
0, 13.00000, 1
0, 14.00000, 1
0, 15.00000, 1
0, 16.00000, 1
0, 17.00000, 1
0, 18.00000, 1
0, 19.00000, 1
0, 20.00000, 1
0, 21.00000, 1
0, 22.00000, 1
0, 23.00000, 1
0, 24.00000, 1
0, 25.00000, 1
0, 26.00000, 1
0, 27.00000, 1
0, 28.00000, 1
0, 29.00000, 1
0, 30.00000, 1
0, 31.00000, 1
0, 32.00000, 1
0, 33.00000, 1
0, 34.00000, 1
0, 35.00000, 1
0, 36.00000, 1
0, 37.00000, 1
0, 38.00000, 1
0, 39.00000, 1
0, 40.00000, 1
0, 41.00000, 1
0, 42.00000, 1
0, 43.00000, 1
0, 44.00000, 1
0, 45.00000, 1
0, 46.00000, 1
0, 47.00000, 1
0, 48.00000, 1
0, 49.00000, 1
0, 50.00000, 1
0, 51.00000, 1
0, 52.00000, 1
0, 53.00000, 1
0, 54.00000, 1
0, 55.00000, 1
0, 56.00000, 1
0, 57.00000, 1
0, 58.00000, 1
0, 59.00000, 1
0, 60.00000, 1
0, 61.00000, 1
0, 62.00000, 1
0, 63.00000, 1
0, 64.00000, 1
0, 65.00000, 1
0, 66.00000, 1
0, 67.00000, 1
0, 68.00000, 1
0, 69.00000, 1
0, 70.00000, 1
0, 71.00000, 1
0, 72.00000, 1
0, 73.00000, 1
0, 74.00000, 1
0, 75.00000, 1
0, 76.00000, 1
0, 77.00000, 1
0, 78.00000, 1
0, 79.00000, 1
0, 80.00000, 1
0, 81.00000, 1
0, 82.00000, 1
0, 83.00000, 1
0, 84.00000, 1
0, 85.00000, 1
0, 86.00000, 1
0, 87.00000, 1
0, 88.00000, 1
0, 89.00000, 1
0, 90.00000, 1
0, 91.00000, 1
0, 92.00000, 1
0, 93.00000, 1
0, 94.00000, 1
0, 95.00000, 1
0, 96.00000, 1
0, 97.00000, 1
0, 98.00000, 1
0, 99.00000, 1
0, 100.00000, 1
0, 101.00000, 1
0, 102.00000, 1
0, 103.00000, 1
0, 104.00000, 1
0, 105.00000, 1
0, 106.00000, 1
0, 107.00000, 1
0, 108.00000, 1
0, 109.00000, 1
0, 110.00000, 1
0, 111.00000, 1
0, 112.00000, 1
0, 113.00000, 1
0, 114.00000, 1
0, 115.00000, 1
0, 116.00000, 1
0, 117.00000, 1
0, 118.00000, 1
0, 119.00000, 1
0, 120.00000, 1
0, 121.00000, 1
0, 122.00000, 1
0, 123.00000, 1
0, 124.00000, 1
0, 125.00000, 1
0, 126.00000, 1
0, 127.00000, 1
0, 128.00000, 1
0, 129.00000, 1
0, 130.00000, 1
0, 131.00000, 1
0, 132.00000, 1
0, 133.00000, 1
0, 134.00000, 1
0, 135.00000, 1
0, 136.00000, 1
0, 137.00000, 1
0, 138.00000, 1
0, 139.00000, 1
0, 140.00000, 1
0, 141.00000, 1
0, 142.00000, 1
0, 143.00000, 1
0, 144.00000, 1
0, 145.00000, 1
0, 146.00000, 1
0, 147.00000, 1
0, 148.00000, 1
0, 149.00000, 1
0, 150.00000, 1
0, 151.00000, 1
0, 152.00000, 1
0, 153.00000, 1
0, 154.00000, 1
0, 155.00000, 1
0, 156.00000, 1
0, 157.00000, 1
0, 158.00000, 1
0, 159.00000, 1
0, 160.00000, 1
0, 161.00000, 1
0, 162.00000, 1
0, 163.00000, 1
0, 164.00000, 1
0, 165.00000, 1
0, 166.00000, 1
0, 167.00000, 1
0, 168.00000, 1
0, 169.00000, 1
0, 170.00000, 1
0, 171.00000, 1
0, 172.00000, 1
0, 173.00000, 1
0, 174.00000, 1
0, 175.00000, 1
0, 176.00000, 1
0, 177.00000, 1
0, 178.00000, 1
0, 179.00000, 1
0, 180.00000, 1
0, 181.00000, 1
0, 182.00000, 1
0, 183.00000, 1
0, 184.00000, 1
0, 185.00000, 1
0, 186.00000, 1
0, 187.00000, 1
0, 188.00000, 1
0, 189.00000, 1
0, 190.00000, 1
0, 191.00000, 1
0, 192.00000, 1
0, 193.00000, 1
0, 194.00000, 1
0, 195.00000, 1
0, 196.00000, 1
0, 197.00000, 1
0, 198.00000, 1
0, 199.00000, 1
0, 200.00000, 1
0, 201.00000, 1
0, 202.00000, 1
0, 203.00000, 1
0, 204.00000, 1
0, 205.00000, 1
0, 206.00000, 1
0, 207.00000, 1
0, 208.00000, 1
0, 209.00000, 1
0, 210.00000, 1
0, 211.00000, 1
0, 212.00000, 1
0, 213.00000, 1
0, 214.00000, 1
0, 215.00000, 1
0, 216.00000, 1
0, 217.00000, 1
0, 218.00000, 1
0, 219.00000, 1
0, 220.00000, 1
0, 221.00000, 1
0, 222.00000, 1
0, 223.00000, 1
0, 224.00000, 1
0, 225.00000, 1
0, 226.00000, 1
0, 227.00000, 1
0, 228.00000, 1
0, 229.00000, 1
0, 230.00000, 1
0, 231.00000, 1
0, 232.00000, 1
0, 233.00000, 1
0, 234.00000, 1
0, 235.00000, 1
0, 236.00000, 1
0, 237.00000, 1
0, 238.00000, 1
0, 239.00000, 1
0, 240.00000, 1
0, 241.00000, 1
0, 242.00000, 1
0, 243.00000, 1
0, 244.00000, 1
0, 245.00000, 1
0, 246.00000, 1
0, 247.00000, 1
0, 248.00000, 1
0, 249.00000, 1
0, 250.00000, 1
0, 251.00000, 1
0, 252.00000, 1
0, 253.00000, 1
0, 254.00000, 1
0, 255.00000, 1
0, 256.00000, 1
0, 257.00000, 1
0, 258.00000, 1
0, 259.00000, 1
0, 260.00000, 1
0, 261.00000, 1
0, 262.00000, 1
0, 263.00000, 1
0, 264.00000, 1
0, 265.00000, 1
0, 266.00000, 1
0, 267.00000, 1
0, 268.00000, 1
0, 269.00000, 1
0, 270.00000, 1
0, 271.00000, 1
0, 272.00000, 1
0, 273.00000, 1
0, 274.00000, 1
0, 275.00000, 1
0, 276.00000, 1
0, 277.00000, 1
0, 278.00000, 1
0, 279.00000, 1
0, 280.00000, 1
0, 281.00000, 1
0, 282.00000, 1
0, 283.00000, 1
0, 284.00000, 1
0, 285.00000, 1
0, 286.00000, 1
0, 287.00000, 1
0, 288.00000, 1
0, 289.00000, 1
0, 290.00000, 1
0, 291.00000, 1
0, 292.00000, 1
0, 293.00000, 1
0, 294.00000, 1
0, 295.00000, 1
0, 296.00000, 1
0, 297.00000, 1
0, 298.00000, 1
0, 299.00000, 1
0, 300.00000, 1
0, 301.00000, 1
0, 302.00000, 1
0, 303.00000, 1
0, 304.00000, 1
0, 305.00000, 1
0, 306.00000, 1
0, 307.00000, 1
0, 308.00000, 1
0, 309.00000, 1
0, 310.00000, 1
0, 311.00000, 1
0, 312.00000, 1
0, 313.00000, 1
0, 314.00000, 1
0, 315.00000, 1
0, 316.00000, 1
0, 317.00000, 1
0, 318.00000, 1
0, 319.00000, 1
0, 320.00000, 1
0, 321.00000, 1
0, 322.00000, 1
0, 323.00000, 1
0, 324.00000, 1
0, 325.00000, 1
0, 326.00000, 1
0, 327.00000, 1
0, 328.00000, 1
0, 329.00000, 1
0, 330.00000, 1
0, 331.00000, 1
0, 332.00000, 1
0, 333.00000, 1
0, 334.00000, 1
0, 335.00000, 1
0, 336.00000, 1
0, 337.00000, 1
0, 338.00000, 1
0, 339.00000, 1
0, 340.00000, 1
0, 341.00000, 1
0, 342.00000, 1
0, 343.00000, 1
0, 344.00000, 1
0, 345.00000, 1
0, 346.00000, 1
0, 347.00000, 1
0, 348.00000, 1
0, 349.00000, 1
0, 350.00000, 1
0, 351.00000, 1
0, 352.00000, 1
0, 353.00000, 1
0, 354.00000, 1
0, 355.00000, 1
0, 356.00000, 1
0, 357.00000, 1
0, 358.00000, 1
0, 359.00000, 1
0, 360.00000, 1
0, 361.00000, 1
0, 362.00000, 1
0, 363.00000, 1
0, 364.00000, 1
0, 365.00000, 1
0, 366.00000, 1
0, 367.00000, 1
0, 368.00000, 1
0, 369.00000, 1
0, 370.00000, 1
0, 371.00000, 1.00625
0, 372.00000, 1.00625
0, 373.00000, 1.00625
0, 374.00000, 1.00625
0, 375.00000, 1.00625
0, 376.00000, 1.00625
0, 377.00000, 1.00625
0, 378.00000, 1.00625
0, 379.00000, 1.00625
0, 380.00000, 1.00625
0, 381.00000, 1.00625
0, 382.00000, 1.00625
0, 383.00000, 1.00625
0, 384.00000, 1.00625
0, 385.00000, 1.00625
0, 386.00000, 1.00625
0, 387.00000, 1.00625
0, 388.00000, 1.00625
0, 389.00000, 1.00625
0, 390.00000, 1.00625
0, 391.00000, 1.00625
0, 392.00000, 1.00625
0, 393.00000, 1.00625
0, 394.00000, 1.00625
0, 395.00000, 1.00625
0, 396.00000, 1.00625
0, 397.00000, 1.00625
0, 398.00000, 1.00625
0, 399.00000, 1.00625
0, 400.00000, 1.00625
0, 401.00000, 1.00625
0, 402.00000, 1.00625
0, 403.00000, 1.00625
0, 404.00000, 1.00625
0, 405.00000, 1.00625
0, 406.00000, 1.00625
0, 407.00000, 1.00625
0, 408.00000, 1.00625
0, 409.00000, 1.00625
0, 410.00000, 1.00625
0, 411.00000, 1.00625
0, 412.00000, 1.00625
0, 413.00000, 1.00625
0, 414.00000, 1.00625
0, 415.00000, 1.00625
0, 416.00000, 1.00625
0, 417.00000, 1.00625
0, 418.00000, 1.00625
0, 419.00000, 1.00625
0, 420.00000, 1.00625
0, 421.00000, 1.00625
0, 422.00000, 1.00625
0, 423.00000, 1.00625
0, 424.00000, 1.00625
0, 425.00000, 1.00625
0, 426.00000, 1.00625
0, 427.00000, 1.00625
0, 428.00000, 1.00625
0, 429.00000, 1.00625
0, 430.00000, 1.00625
0, 431.00000, 1.00625
0, 432.00000, 1.00625
0, 433.00000, 1.00625
0, 434.00000, 1.00625
0, 435.00000, 1.00625
0, 436.00000, 1.00625
0, 437.00000, 1.00625
0, 438.00000, 1.00625
0, 439.00000, 1.00625
0, 440.00000, 1.00625
0, 441.00000, 1.00625
0, 442.00000, 1.00625
0, 443.00000, 1.00625
0, 444.00000, 1.00625
0, 445.00000, 1.00625
0, 446.00000, 1.00625
0, 447.00000, 1.00625
0, 448.00000, 1.00625
0, 449.00000, 1.00625
0, 450.00000, 1.00625
0, 451.00000, 1.00625
0, 452.00000, 1.00625
0, 453.00000, 1.00625
0, 454.00000, 1.00625
0, 455.00000, 1.00625
0, 456.00000, 1.00625
0, 457.00000, 1.00625
0, 458.00000, 1.00625
0, 459.00000, 1.00625
0, 460.00000, 1.00625
0, 461.00000, 1.00625
0, 462.00000, 1.00625
0, 463.00000, 1.00625
0, 464.00000, 1.00625
0, 465.00000, 1
0, 466.00000, 1
0, 467.00000, 1
0, 468.00000, 1
0, 469.00000, 1
0, 470.00000, 1
0, 471.00000, 1
0, 472.00000, 1
0, 473.00000, 1
0, 474.00000, 1
0, 475.00000, 1
0, 476.00000, 1
0, 477.00000, 1
0, 478.00000, 1
0, 479.00000, 1
0, 480.00000, 1
0, 481.00000, 1
0, 482.00000, 1
0, 483.00000, 1
0, 484.00000, 1
0, 485.00000, 1
0, 486.00000, 1
0, 487.00000, 1
0, 488.00000, 1
0, 489.00000, 1
0, 490.00000, 1
0, 491.00000, 1
0, 492.00000, 1
0, 493.00000, 1
0, 494.00000, 1
0, 495.00000, 1
0, 496.00000, 1
0, 497.00000, 1
0, 498.00000, 1
0, 499.00000, 1
0, 500.00000, 1
0, 501.00000, 1
0, 502.00000, 1
0, 503.00000, 1
0, 504.00000, 1
0, 505.00000, 1
0, 506.00000, 1
0, 507.00000, 1
0, 508.00000, 1
0, 509.00000, 1
0, 510.00000, 1
0, 511.00000, 1
0, 512.00000, 1
0, 513.00000, 1
0, 514.00000, 1
0, 515.00000, 1
0, 516.00000, 1
0, 517.00000, 1
0, 518.00000, 1
0, 519.00000, 1
0, 520.00000, 1
0, 521.00000, 1
0, 522.00000, 1
0, 523.00000, 1
0, 524.00000, 1
0, 525.00000, 1
0, 526.00000, 1
0, 527.00000, 1
0, 528.00000, 1
0, 529.00000, 1
0, 530.00000, 1
0, 531.00000, 1
0, 532.00000, 1
0, 533.00000, 1
0, 534.00000, 1
0, 535.00000, 1
0, 536.00000, 1
0, 537.00000, 1
0, 538.00000, 1
0, 539.00000, 1
0, 540.00000, 1
0, 541.00000, 1
0, 542.00000, 1
0, 543.00000, 1
0, 544.00000, 1
0, 545.00000, 1
0, 546.00000, 1
0, 547.00000, 1
0, 548.00000, 1
0, 549.00000, 1
0, 550.00000, 1
0, 551.00000, 1
0, 552.00000, 1
0, 553.00000, 1
0, 554.00000, 1
0, 555.00000, 1
0, 556.00000, 1
0, 557.00000, 1
0, 558.00000, 1
0, 559.00000, 1
0, 560.00000, 1
0, 561.00000, 1
0, 562.00000, 1
0, 563.00000, 1
0, 564.00000, 1
0, 565.00000, 1
0, 566.00000, 1
0, 567.00000, 1
0, 568.00000, 1
0, 569.00000, 1
0, 570.00000, 1
0, 571.00000, 1
0, 572.00000, 1
0, 573.00000, 1
0, 574.00000, 1
0, 575.00000, 1
0, 576.00000, 1
0, 577.00000, 1
0, 578.00000, 1
0, 579.00000, 1
0, 580.00000, 1
0, 581.00000, 1
0, 582.00000, 1
0, 583.00000, 1
0, 584.00000, 1
0, 585.00000, 1
0, 586.00000, 1
0, 587.00000, 1
0, 588.00000, 1
0, 589.00000, 1
0, 590.00000, 1
0, 591.00000, 1
0, 592.00000, 1
0, 593.00000, 1
0, 594.00000, 1
0, 595.00000, 1
0, 596.00000, 1
0, 597.00000, 1
0, 598.00000, 1
0, 599.00000, 1
0, 600.00000, 1
0, 601.00000, 1
0, 602.00000, 1
0, 603.00000, 1
0, 604.00000, 1
0, 605.00000, 1
0, 606.00000, 1
0, 607.00000, 1
0, 608.00000, 1
0, 609.00000, 1
0, 610.00000, 1
0, 611.00000, 1
0, 612.00000, 1
0, 613.00000, 1
0, 614.00000, 1
0, 615.00000, 1
0, 616.00000, 1
0, 617.00000, 1
0, 618.00000, 1
0, 619.00000, 1
0, 620.00000, 1
0, 621.00000, 1
0, 622.00000, 1
0, 623.00000, 1
0, 624.00000, 1
0, 625.00000, 1
0, 626.00000, 1
0, 627.00000, 1
0, 628.00000, 1
0, 629.00000, 1
0, 630.00000, 1
0, 631.00000, 1
0, 632.00000, 1
0, 633.00000, 1
0, 634.00000, 1
0, 635.00000, 1
0, 636.00000, 1
0, 637.00000, 1
0, 638.00000, 1
0, 639.00000, 1
0, 640.00000, 1
0, 641.00000, 1
0, 642.00000, 1
0, 643.00000, 1
0, 644.00000, 1
0, 645.00000, 1
0, 646.00000, 1
0, 647.00000, 1
0, 648.00000, 1
0, 649.00000, 1
0, 650.00000, 1
0, 651.00000, 1
0, 652.00000, 1
0, 653.00000, 1
0, 654.00000, 1
0, 655.00000, 1
0, 656.00000, 1
0, 657.00000, 1
0, 658.00000, 1
0, 659.00000, 1
0, 660.00000, 1
0, 661.00000, 1
0, 662.00000, 1
0, 663.00000, 1
0, 664.00000, 1
0, 665.00000, 1
0, 666.00000, 1
0, 667.00000, 1
0, 668.00000, 1
0, 669.00000, 1
0, 670.00000, 1
0, 671.00000, 1
0, 672.00000, 1
0, 673.00000, 1
0, 674.00000, 1
0, 675.00000, 1
0, 676.00000, 1
0, 677.00000, 1
0, 678.00000, 1
0, 679.00000, 1
0, 680.00000, 1
0, 681.00000, 1
0, 682.00000, 1
0, 683.00000, 1
0, 684.00000, 1
0, 685.00000, 1
0, 686.00000, 1
0, 687.00000, 1
0, 688.00000, 1
0, 689.00000, 1
0, 690.00000, 1
0, 691.00000, 1
0, 692.00000, 1
0, 693.00000, 1
0, 694.00000, 1
0, 695.00000, 1
0, 696.00000, 1
0, 697.00000, 1
0, 698.00000, 1
0, 699.00000, 1
0, 700.00000, 1
0, 701.00000, 1
0, 702.00000, 1
0, 703.00000, 1
0, 704.00000, 1
0, 705.00000, 1
0, 706.00000, 1
0, 707.00000, 1
0, 708.00000, 1
0, 709.00000, 1
0, 710.00000, 1
0, 711.00000, 1
0, 712.00000, 1
0, 713.00000, 1
0, 714.00000, 1
0, 715.00000, 1
0, 716.00000, 1
0, 717.00000, 1
0, 718.00000, 1
0, 719.00000, 1
0, 720.00000, 1
0, 721.00000, 1
0, 722.00000, 1
0, 723.00000, 1
0, 724.00000, 1
0, 725.00000, 1
0, 726.00000, 1
0, 727.00000, 1
0, 728.00000, 1
0, 729.00000, 1
0, 730.00000, 1
0, 731.00000, 1
0, 732.00000, 1
0, 733.00000, 1
0, 734.00000, 1
0, 735.00000, 1
0, 736.00000, 1
0, 737.00000, 1
0, 738.00000, 1
0, 739.00000, 1
0, 740.00000, 1
0, 741.00000, 1
0, 742.00000, 1
0, 743.00000, 1
0, 744.00000, 1
0, 745.00000, 1
0, 746.00000, 1
0, 747.00000, 1
0, 748.00000, 1
0, 749.00000, 1
0, 750.00000, 1
0, 751.00000, 1
0, 752.00000, 1
0, 753.00000, 1
0, 754.00000, 1
0, 755.00000, 1
0, 756.00000, 1
0, 757.00000, 1
0, 758.00000, 1
0, 759.00000, 1
0, 760.00000, 1
0, 761.00000, 1
0, 762.00000, 1
0, 763.00000, 1
0, 764.00000, 1
0, 765.00000, 1
0, 766.00000, 1
0, 767.00000, 1
0, 768.00000, 1
0, 769.00000, 1
0, 770.00000, 1
0, 771.00000, 1
0, 772.00000, 1
0, 773.00000, 1
0, 774.00000, 1
0, 775.00000, 1
0, 776.00000, 1
0, 777.00000, 1
0, 778.00000, 1
0, 779.00000, 1
0, 780.00000, 1
0, 781.00000, 1
0, 782.00000, 1
0, 783.00000, 1
0, 784.00000, 1
0, 785.00000, 1
0, 786.00000, 1
0, 787.00000, 1
0, 788.00000, 1
0, 789.00000, 1
0, 790.00000, 1
0, 791.00000, 1
0, 792.00000, 1
0, 793.00000, 1
0, 794.00000, 1
0, 795.00000, 1
0, 796.00000, 1
0, 797.00000, 1
0, 798.00000, 1
0, 799.00000, 1
0, 800.00000, 1
0, 801.00000, 1
0, 802.00000, 1
0, 803.00000, 1
0, 804.00000, 1
0, 805.00000, 1
0, 806.00000, 1
0, 807.00000, 1
0, 808.00000, 1
0, 809.00000, 1
0, 810.00000, 1
0, 811.00000, 1
0, 812.00000, 1
0, 813.00000, 1
0, 814.00000, 1
0, 815.00000, 1
0, 816.00000, 1
0, 817.00000, 1
0, 818.00000, 1
0, 819.00000, 1
0, 820.00000, 1
0, 821.00000, 1
0, 822.00000, 1
0, 823.00000, 1
0, 824.00000, 1
0, 825.00000, 1
0, 826.00000, 1
0, 827.00000, 1
0, 828.00000, 1
0, 829.00000, 1
0, 830.00000, 1
0, 831.00000, 1
0, 832.00000, 1
0, 833.00000, 1
0, 834.00000, 1
0, 835.00000, 1
0, 836.00000, 1
0, 837.00000, 1
0, 838.00000, 1
0, 839.00000, 1
0, 840.00000, 1
0, 841.00000, 1
0, 842.00000, 1
0, 843.00000, 1
0, 844.00000, 1
0, 845.00000, 1
0, 846.00000, 1
0, 847.00000, 1
0, 848.00000, 1
0, 849.00000, 1
0, 850.00000, 1
0, 851.00000, 1
0, 852.00000, 1
0, 853.00000, 1
0, 854.00000, 1
0, 855.00000, 1
0, 856.00000, 1
0, 857.00000, 1
0, 858.00000, 1
0, 859.00000, 1
0, 860.00000, 1
0, 861.00000, 1
0, 862.00000, 1
0, 863.00000, 1
0, 864.00000, 1
0, 865.00000, 1
0, 866.00000, 1
0, 867.00000, 1
0, 868.00000, 1
0, 869.00000, 1
0, 870.00000, 1
0, 871.00000, 1
0, 872.00000, 1
0, 873.00000, 1
0, 874.00000, 1
0, 875.00000, 1
0, 876.00000, 1
0, 877.00000, 1
0, 878.00000, 1
0, 879.00000, 1
0, 880.00000, 1
0, 881.00000, 1
0, 882.00000, 1
0, 883.00000, 1
0, 884.00000, 1
0, 885.00000, 1
0, 886.00000, 1
0, 887.00000, 1
0, 888.00000, 1
0, 889.00000, 1
0, 890.00000, 1
0, 891.00000, 1
0, 892.00000, 1
0, 893.00000, 1
0, 894.00000, 1
0, 895.00000, 1
0, 896.00000, 1
0, 897.00000, 1
0, 898.00000, 1
0, 899.00000, 1
0, 900.00000, 1
0, 901.00000, 1
0, 902.00000, 1
0, 903.00000, 1
0, 904.00000, 1
0, 905.00000, 1
0, 906.00000, 1
0, 907.00000, 1.00625
0, 908.00000, 1.00625
0, 909.00000, 1.00625
0, 910.00000, 1.00625
0, 911.00000, 1.00625
0, 912.00000, 1.00625
0, 913.00000, 1.00625
0, 914.00000, 1.00625
0, 915.00000, 1.00625
0, 916.00000, 1.00625
0, 917.00000, 1.00625
0, 918.00000, 1.00625
0, 919.00000, 1.00625
0, 920.00000, 1.00625
0, 921.00000, 1.00625
0, 922.00000, 1.00625
0, 923.00000, 1.00625
0, 924.00000, 1.00625
0, 925.00000, 1.00625
0, 926.00000, 1.00625
0, 927.00000, 1.00625
0, 928.00000, 1.00625
0, 929.00000, 1.00625
0, 930.00000, 1.00625
0, 931.00000, 1.00625
0, 932.00000, 1.00625
0, 933.00000, 1.00625
0, 934.00000, 1.00625
0, 935.00000, 1.00625
0, 936.00000, 1.00625
0, 937.00000, 1.00625
0, 938.00000, 1.00625
0, 939.00000, 1.00625
0, 940.00000, 1.00625
0, 941.00000, 1.00625
0, 942.00000, 1.00625
0, 943.00000, 1.00625
0, 944.00000, 1.00625
0, 945.00000, 1.00625
0, 946.00000, 1.00625
0, 947.00000, 1.00625
0, 948.00000, 1.00625
0, 949.00000, 1.00625
0, 950.00000, 1.00625
0, 951.00000, 1.00625
0, 952.00000, 1.00625
0, 953.00000, 1.00625
0, 954.00000, 1.00625
0, 955.00000, 1.00625
0, 956.00000, 1.00625
0, 957.00000, 1.00625
0, 958.00000, 1.00625
0, 959.00000, 1.00625
0, 960.00000, 1.00625
0, 961.00000, 1.00625
0, 962.00000, 1.00625
0, 963.00000, 1.00625
0, 964.00000, 1.00625
0, 965.00000, 1.00625
0, 966.00000, 1.00625
0, 967.00000, 1.00625
0, 968.00000, 1.00625
0, 969.00000, 1.00625
0, 970.00000, 1.00625
0, 971.00000, 1.00625
0, 972.00000, 1.00625
0, 973.00000, 1.00625
0, 974.00000, 1.00625
0, 975.00000, 1.00625
0, 976.00000, 1.00625
0, 977.00000, 1.00625
0, 978.00000, 1
0, 979.00000, 1
0, 980.00000, 1
0, 981.00000, 1
0, 982.00000, 1
0, 983.00000, 1
0, 984.00000, 1
0, 985.00000, 1
0, 986.00000, 1
0, 987.00000, 1
0, 988.00000, 1
0, 989.00000, 1
0, 990.00000, 1
0, 991.00000, 1
0, 992.00000, 1
0, 993.00000, 1
0, 994.00000, 1
0, 995.00000, 1
0, 996.00000, 1
0, 997.00000, 1
0, 998.00000, 1
0, 999.00000, 1
0, 1000.00000, 1
0, 1001.00000, 1
0, 1002.00000, 1
0, 1003.00000, 1
0, 1004.00000, 1
0, 1005.00000, 1
0, 1006.00000, 1
0, 1007.00000, 1
0, 1008.00000, 1
0, 1009.00000, 1
0, 1010.00000, 1
0, 1011.00000, 1
0, 1012.00000, 1
0, 1013.00000, 1
0, 1014.00000, 1
0, 1015.00000, 1
0, 1016.00000, 1
0, 1017.00000, 1
0, 1018.00000, 1
0, 1019.00000, 1
0, 1020.00000, 1
0, 1021.00000, 1
0, 1022.00000, 1
0, 1023.00000, 1
0, 1024.00000, 1
0, 1025.00000, 1
0, 1026.00000, 1
0, 1027.00000, 1
0, 1028.00000, 1
0, 1029.00000, 1
0, 1030.00000, 1
0, 1031.00000, 1
0, 1032.00000, 1
0, 1033.00000, 1
0, 1034.00000, 1
0, 1035.00000, 1
0, 1036.00000, 1
0, 1037.00000, 1
0, 1038.00000, 1
0, 1039.00000, 1
0, 1040.00000, 1
0, 1041.00000, 1
0, 1042.00000, 1
0, 1043.00000, 1
0, 1044.00000, 1
0, 1045.00000, 1
0, 1046.00000, 1
0, 1047.00000, 1
0, 1048.00000, 1
0, 1049.00000, 1
0, 1050.00000, 1
0, 1051.00000, 1
0, 1052.00000, 1
0, 1053.00000, 1
0, 1054.00000, 1
0, 1055.00000, 1
0, 1056.00000, 1
0, 1057.00000, 1
0, 1058.00000, 1
0, 1059.00000, 1
0, 1060.00000, 1
0, 1061.00000, 1
0, 1062.00000, 1
0, 1063.00000, 1
0, 1064.00000, 1
0, 1065.00000, 1
0, 1066.00000, 1
0, 1067.00000, 1
0, 1068.00000, 1
0, 1069.00000, 1
0, 1070.00000, 1
0, 1071.00000, 1
0, 1072.00000, 1
0, 1073.00000, 1
0, 1074.00000, 1
0, 1075.00000, 1
0, 1076.00000, 1
0, 1077.00000, 1
0, 1078.00000, 1
0, 1079.00000, 1
0, 1080.00000, 1
0, 1081.00000, 1
0, 1082.00000, 1
0, 1083.00000, 1
0, 1084.00000, 1
0, 1085.00000, 1
0, 1086.00000, 1
0, 1087.00000, 1
0, 1088.00000, 1
0, 1089.00000, 1
0, 1090.00000, 1
0, 1091.00000, 1
0, 1092.00000, 1
0, 1093.00000, 1
0, 1094.00000, 1
0, 1095.00000, 1
0, 1096.00000, 1
0, 1097.00000, 1
0, 1098.00000, 1
0, 1099.00000, 1
0, 1100.00000, 1
0, 1101.00000, 1
0, 1102.00000, 1
0, 1103.00000, 1
0, 1104.00000, 1
0, 1105.00000, 1
0, 1106.00000, 1
0, 1107.00000, 1
0, 1108.00000, 1
0, 1109.00000, 1
0, 1110.00000, 1
0, 1111.00000, 1
0, 1112.00000, 1
0, 1113.00000, 1
0, 1114.00000, 1
0, 1115.00000, 1
0, 1116.00000, 1
0, 1117.00000, 1
0, 1118.00000, 1
0, 1119.00000, 1
0, 1120.00000, 1
0, 1121.00000, 1
0, 1122.00000, 1
0, 1123.00000, 1
0, 1124.00000, 1
0, 1125.00000, 1
0, 1126.00000, 1
0, 1127.00000, 1
0, 1128.00000, 1
0, 1129.00000, 1
0, 1130.00000, 1
0, 1131.00000, 1
0, 1132.00000, 1
0, 1133.00000, 1
0, 1134.00000, 1
0, 1135.00000, 1
0, 1136.00000, 1
0, 1137.00000, 1
0, 1138.00000, 1
0, 1139.00000, 1
0, 1140.00000, 1
0, 1141.00000, 1
0, 1142.00000, 1
0, 1143.00000, 1
0, 1144.00000, 1
0, 1145.00000, 1
0, 1146.00000, 1
0, 1147.00000, 1
0, 1148.00000, 1
0, 1149.00000, 1
0, 1150.00000, 1
0, 1151.00000, 1
0, 1152.00000, 1
0, 1153.00000, 1
0, 1154.00000, 1
0, 1155.00000, 1
0, 1156.00000, 1
0, 1157.00000, 1
0, 1158.00000, 1
0, 1159.00000, 1
0, 1160.00000, 1
0, 1161.00000, 1
0, 1162.00000, 1
0, 1163.00000, 1
0, 1164.00000, 1
0, 1165.00000, 1
0, 1166.00000, 1
0, 1167.00000, 1
0, 1168.00000, 1
0, 1169.00000, 1
0, 1170.00000, 1
0, 1171.00000, 1
0, 1172.00000, 1
0, 1173.00000, 1
0, 1174.00000, 1
0, 1175.00000, 1
0, 1176.00000, 1
0, 1177.00000, 1
0, 1178.00000, 1
0, 1179.00000, 1
0, 1180.00000, 1
0, 1181.00000, 1
0, 1182.00000, 1
0, 1183.00000, 1
0, 1184.00000, 1
0, 1185.00000, 1
0, 1186.00000, 1
0, 1187.00000, 1
0, 1188.00000, 1
0, 1189.00000, 1
0, 1190.00000, 1
0, 1191.00000, 1
0, 1192.00000, 1
0, 1193.00000, 1
0, 1194.00000, 1
0, 1195.00000, 1
0, 1196.00000, 1
0, 1197.00000, 1
0, 1198.00000, 1
0, 1199.00000, 1
0, 1200.00000, 1
0, 1201.00000, 1.00625
0, 1202.00000, 1.00625
0, 1203.00000, 1.00625
0, 1204.00000, 1.00625
0, 1205.00000, 1.00625
0, 1206.00000, 1.00625
0, 1207.00000, 1.00625
0, 1208.00000, 1.00625
0, 1209.00000, 1.00625
0, 1210.00000, 1.00625
0, 1211.00000, 1.00625
0, 1212.00000, 1.00625
0, 1213.00000, 1.00625
0, 1214.00000, 1.00625
0, 1215.00000, 1.00625
0, 1216.00000, 1.00625
0, 1217.00000, 1.00625
0, 1218.00000, 1.00625
0, 1219.00000, 1.00625
0, 1220.00000, 1.00625
0, 1221.00000, 1.00625
0, 1222.00000, 1.00625
0, 1223.00000, 1.00625
0, 1224.00000, 1.00625
0, 1225.00000, 1.00625
0, 1226.00000, 1.00625
0, 1227.00000, 1.00625
0, 1228.00000, 1.00625
0, 1229.00000, 1.00625
0, 1230.00000, 1.00625
0, 1231.00000, 1.00625
0, 1232.00000, 1.00625
0, 1233.00000, 1.00625
0, 1234.00000, 1.00625
0, 1235.00000, 1.00625
0, 1236.00000, 1.00625
0, 1237.00000, 1.00625
0, 1238.00000, 1.00625
0, 1239.00000, 1.00625
0, 1240.00000, 1.00625
0, 1241.00000, 1.00625
0, 1242.00000, 1.00625
0, 1243.00000, 1.00625
0, 1244.00000, 1.00625
0, 1245.00000, 1.00625
0, 1246.00000, 1.00625
0, 1247.00000, 1.00625
0, 1248.00000, 1.00625
0, 1249.00000, 1.00625
0, 1250.00000, 1.00625
0, 1251.00000, 1.00625
0, 1252.00000, 1.00625
0, 1253.00000, 1.00625
0, 1254.00000, 1.00625
0, 1255.00000, 1.00625
0, 1256.00000, 1.00625
0, 1257.00000, 1.00625
0, 1258.00000, 1.00625
0, 1259.00000, 1.00625
0, 1260.00000, 1.00625
0, 1261.00000, 1.00625
0, 1262.00000, 1.00625
0, 1263.00000, 1.00625
0, 1264.00000, 1.00625
0, 1265.00000, 1.00625
0, 1266.00000, 1.00625
0, 1267.00000, 1.00625
0, 1268.00000, 1.00625
0, 1269.00000, 1.00625
0, 1270.00000, 1.00625
0, 1271.00000, 1.00625
0, 1272.00000, 1.00625
0, 1273.00000, 1.00625
0, 1274.00000, 1.00625
0, 1275.00000, 1.00625
0, 1276.00000, 1.00625
0, 1277.00000, 1.00625
0, 1278.00000, 1.00625
0, 1279.00000, 1.00625
0, 1280.00000, 1.00625
0, 1281.00000, 1.00625
0, 1282.00000, 1.00625
0, 1283.00000, 1.00625
0, 1284.00000, 1.00625
0, 1285.00000, 1.00625
0, 1286.00000, 1.00625
0, 1287.00000, 1.00625
0, 1288.00000, 1.00625
0, 1289.00000, 1.00625
0, 1290.00000, 1.00625
0, 1291.00000, 1.00625
0, 1292.00000, 1.00625
0, 1293.00000, 1.00625
0, 1294.00000, 1.00625
0, 1295.00000, 1.00625
0, 1296.00000, 1.00625
0, 1297.00000, 1.00625
0, 1298.00000, 1.00625
0, 1299.00000, 1.00625
0, 1300.00000, 1.00625
0, 1301.00000, 1.00625
0, 1302.00000, 1.00625
0, 1303.00000, 1.00625
0, 1304.00000, 1.00625
0, 1305.00000, 1.00625
0, 1306.00000, 1.00625
0, 1307.00000, 1.00625
0, 1308.00000, 1.00625
0, 1309.00000, 1.00625
0, 1310.00000, 1.00625
0, 1311.00000, 1.00625
0, 1312.00000, 1.00625
0, 1313.00000, 1.00625
0, 1314.00000, 1.00625
0, 1315.00000, 1.00625
0, 1316.00000, 1.00625
0, 1317.00000, 1.00625
0, 1318.00000, 1.00625
0, 1319.00000, 1.00625
0, 1320.00000, 1.00625
0, 1321.00000, 1.00625
0, 1322.00000, 1.00625
0, 1323.00000, 1.00625
0, 1324.00000, 1.00625
0, 1325.00000, 1.00625
0, 1326.00000, 1.00625
0, 1327.00000, 1.00625
0, 1328.00000, 1.00625
0, 1329.00000, 1.00625
0, 1330.00000, 1.00625
0, 1331.00000, 1.00625
0, 1332.00000, 1.00625
0, 1333.00000, 1.00625
0, 1334.00000, 1.00625
0, 1335.00000, 1.00625
0, 1336.00000, 1.00625
0, 1337.00000, 1.00625
0, 1338.00000, 1.00625
0, 1339.00000, 1.00625
0, 1340.00000, 1.00625
0, 1341.00000, 1.00625
0, 1342.00000, 1.00625
0, 1343.00000, 1.00625
0, 1344.00000, 1.00625
0, 1345.00000, 1.00625
0, 1346.00000, 1.00625
0, 1347.00000, 1.00625
0, 1348.00000, 1.00625
0, 1349.00000, 1.00625
0, 1350.00000, 1.00625
0, 1351.00000, 1.00625
0, 1352.00000, 1.00625
0, 1353.00000, 1.00625
0, 1354.00000, 1.00625
0, 1355.00000, 1.00625
0, 1356.00000, 1.00625
0, 1357.00000, 1.00625
0, 1358.00000, 1.00625
0, 1359.00000, 1.00625
0, 1360.00000, 1.00625
0, 1361.00000, 1.00625
0, 1362.00000, 1.00625
0, 1363.00000, 1.00625
0, 1364.00000, 1.00625
0, 1365.00000, 1.00625
0, 1366.00000, 1.00625
0, 1367.00000, 1.00625
0, 1368.00000, 1.00625
0, 1369.00000, 1.00625
0, 1370.00000, 1.00625
0, 1371.00000, 1.00625
0, 1372.00000, 1.00625
0, 1373.00000, 1.00625
0, 1374.00000, 1.00625
0, 1375.00000, 1.00625
0, 1376.00000, 1.00625
0, 1377.00000, 1.00625
0, 1378.00000, 1.00625
0, 1379.00000, 1.00625
0, 1380.00000, 1.00625
0, 1381.00000, 1.00625
0, 1382.00000, 1.00625
0, 1383.00000, 1.00625
0, 1384.00000, 1.00625
0, 1385.00000, 1.00625
0, 1386.00000, 1.00625
0, 1387.00000, 1.00625
0, 1388.00000, 1.00625
0, 1389.00000, 1.00625
0, 1390.00000, 1.00625
0, 1391.00000, 1.00625
0, 1392.00000, 1.00625
0, 1393.00000, 1.00625
0, 1394.00000, 1.00625
0, 1395.00000, 1.00625
0, 1396.00000, 1.00625
0, 1397.00000, 1.00625
0, 1398.00000, 1.00625
0, 1399.00000, 1.00625
0, 1400.00000, 1.00625
0, 1401.00000, 1.00625
0, 1402.00000, 1.00625
0, 1403.00000, 1.00625
0, 1404.00000, 1.00625
0, 1405.00000, 1.00625
0, 1406.00000, 1.00625
0, 1407.00000, 1.00625
0, 1408.00000, 1.00625
0, 1409.00000, 1.00625
0, 1410.00000, 1.00625
0, 1411.00000, 1.00625
0, 1412.00000, 1.00625
0, 1413.00000, 1.00625
0, 1414.00000, 1.00625
0, 1415.00000, 1.00625
0, 1416.00000, 1.00625
0, 1417.00000, 1.00625
0, 1418.00000, 1.00625
0, 1419.00000, 1.00625
0, 1420.00000, 1.00625
0, 1421.00000, 1.00625
0, 1422.00000, 1.00625
0, 1423.00000, 1.00625
0, 1424.00000, 1.00625
0, 1425.00000, 1.00625
0, 1426.00000, 1.00625
0, 1427.00000, 1.00625
0, 1428.00000, 1.00625
0, 1429.00000, 1.00625
0, 1430.00000, 1.00625
0, 1431.00000, 1.00625
0, 1432.00000, 1.00625
0, 1433.00000, 1.00625
0, 1434.00000, 1.00625
0, 1435.00000, 1.00625
0, 1436.00000, 1.00625
0, 1437.00000, 1.00625
0, 1438.00000, 1.00625
0, 1439.00000, 1.00625
0, 1440.00000, 1.00625
0, 1441.00000, 1.00625
0, 1442.00000, 1.00625
0, 1443.00000, 1.00625
0, 1444.00000, 1.00625
0, 1445.00000, 1.00625
0, 1446.00000, 1.00625
0, 1447.00000, 1.00625
0, 1448.00000, 1.00625
0, 1449.00000, 1.00625
0, 1450.00000, 1.00625
0, 1451.00000, 1.00625
0, 1452.00000, 1.00625
0, 1453.00000, 1.00625
0, 1454.00000, 1.00625
0, 1455.00000, 1.00625
0, 1456.00000, 1.00625
0, 1457.00000, 1.00625
0, 1458.00000, 1.00625
0, 1459.00000, 1.00625
0, 1460.00000, 1.00625
0, 1461.00000, 1.00625
0, 1462.00000, 1.00625
0, 1463.00000, 1.00625
0, 1464.00000, 1.00625
0, 1465.00000, 1.00625
0, 1466.00000, 1.00625
0, 1467.00000, 1.00625
0, 1468.00000, 1.00625
0, 1469.00000, 1.00625
0, 1470.00000, 1.00625
0, 1471.00000, 1.00625
0, 1472.00000, 1.00625
0, 1473.00000, 1.00625
0, 1474.00000, 1.00625
0, 1475.00000, 1.00625
0, 1476.00000, 1.00625
0, 1477.00000, 1.00625
0, 1478.00000, 1.00625
0, 1479.00000, 1.00625
0, 1480.00000, 1.00625
0, 1481.00000, 1.00625
0, 1482.00000, 1.00625
0, 1483.00000, 1.00625
0, 1484.00000, 1.00625
0, 1485.00000, 1.00625
0, 1486.00000, 1.00625
0, 1487.00000, 1.00625
0, 1488.00000, 1.00625
0, 1489.00000, 1.00625
0, 1490.00000, 1.00625
0, 1491.00000, 1.00625
0, 1492.00000, 1.00625
0, 1493.00000, 1.00625
0, 1494.00000, 1.00625
0, 1495.00000, 1.00625
0, 1496.00000, 1.00625
0, 1497.00000, 1.00625
0, 1498.00000, 1.00625
0, 1499.00000, 1.00625
0, 1500.00000, 1.00625
0, 1501.00000, 1.00625
0, 1502.00000, 1.00625
0, 1503.00000, 1.00625
0, 1504.00000, 1.00625
0, 1505.00000, 1.00625
0, 1506.00000, 1.00625
0, 1507.00000, 1.00625
0, 1508.00000, 1.00625
0, 1509.00000, 1.00625
0, 1510.00000, 1.00625
0, 1511.00000, 1.00625
0, 1512.00000, 1.00625
0, 1513.00000, 1.00625
0, 1514.00000, 1.00625
0, 1515.00000, 1.00625
0, 1516.00000, 1.00625
0, 1517.00000, 1.00625
0, 1518.00000, 1.00625
0, 1519.00000, 1.00625
0, 1520.00000, 1.00625
0, 1521.00000, 1.00625
0, 1522.00000, 1.00625
0, 1523.00000, 1.00625
0, 1524.00000, 1.00625
0, 1525.00000, 1.00625
0, 1526.00000, 1.00625
0, 1527.00000, 1.00625
0, 1528.00000, 1.00625
0, 1529.00000, 1.00625
0, 1530.00000, 1.00625
0, 1531.00000, 1.00625
0, 1532.00000, 1.00625
0, 1533.00000, 1.00625
0, 1534.00000, 1.00625
0, 1535.00000, 1.00625
0, 1536.00000, 1.00625
0, 1537.00000, 1.00625
0, 1538.00000, 1.00625
0, 1539.00000, 1.00625
0, 1540.00000, 1.00625
0, 1541.00000, 1.00625
0, 1542.00000, 1.00625
0, 1543.00000, 1.00625
0, 1544.00000, 1.00625
0, 1545.00000, 1.00625
0, 1546.00000, 1.00625
0, 1547.00000, 1.00625
0, 1548.00000, 1.00625
0, 1549.00000, 1.00625
0, 1550.00000, 1.00625
0, 1551.00000, 1.00625
0, 1552.00000, 1.00625
0, 1553.00000, 1.00625
0, 1554.00000, 1.00625
0, 1555.00000, 1.00625
0, 1556.00000, 1.00625
0, 1557.00000, 1.00625
0, 1558.00000, 1.00625
0, 1559.00000, 1.00625
0, 1560.00000, 1.00625
0, 1561.00000, 1.00625
0, 1562.00000, 1.00625
0, 1563.00000, 1.00625
0, 1564.00000, 1.00625
0, 1565.00000, 1.00625
0, 1566.00000, 1.00625
0, 1567.00000, 1.00625
0, 1568.00000, 1.00625
0, 1569.00000, 1.00625
0, 1570.00000, 1.00625
0, 1571.00000, 1.00625
0, 1572.00000, 1.00625
0, 1573.00000, 1.00625
0, 1574.00000, 1.00625
0, 1575.00000, 1.00625
0, 1576.00000, 1.00625
0, 1577.00000, 1.00625
0, 1578.00000, 1.00625
0, 1579.00000, 1.00625
0, 1580.00000, 1.00625
0, 1581.00000, 1.00625
0, 1582.00000, 1.00625
0, 1583.00000, 1.00625
0, 1584.00000, 1.00625
0, 1585.00000, 1.00625
0, 1586.00000, 1.00625
0, 1587.00000, 1.00625
0, 1588.00000, 1.00625
0, 1589.00000, 1.00625
0, 1590.00000, 1.00625
0, 1591.00000, 1.00625
0, 1592.00000, 1
0, 1593.00000, 1
0, 1594.00000, 1
0, 1595.00000, 1
0, 1596.00000, 1
0, 1597.00000, 1
0, 1598.00000, 1
0, 1599.00000, 1
0, 1600.00000, 1
0, 1601.00000, 1
0, 1602.00000, 1
0, 1603.00000, 1
0, 1604.00000, 1
0, 1605.00000, 1
0, 1606.00000, 1
0, 1607.00000, 1
0, 1608.00000, 1
0, 1609.00000, 1
0, 1610.00000, 1
0, 1611.00000, 1
0, 1612.00000, 1
0, 1613.00000, 1
0, 1614.00000, 1
0, 1615.00000, 1
0, 1616.00000, 1
0, 1617.00000, 1
0, 1618.00000, 1
0, 1619.00000, 1
0, 1620.00000, 1
0, 1621.00000, 1
0, 1622.00000, 1
0, 1623.00000, 1
0, 1624.00000, 1
0, 1625.00000, 1
0, 1626.00000, 1
0, 1627.00000, 1
0, 1628.00000, 1
0, 1629.00000, 1
0, 1630.00000, 1
0, 1631.00000, 1
0, 1632.00000, 1
0, 1633.00000, 1
0, 1634.00000, 1
0, 1635.00000, 1
0, 1636.00000, 1
0, 1637.00000, 1
0, 1638.00000, 1.00625
0, 1639.00000, 1.00625
0, 1640.00000, 1.00625
0, 1641.00000, 1.00625
0, 1642.00000, 1.00625
0, 1643.00000, 1.00625
0, 1644.00000, 1.00625
0, 1645.00000, 1.00625
0, 1646.00000, 1.00625
0, 1647.00000, 1.00625
0, 1648.00000, 1.00625
0, 1649.00000, 1.00625
0, 1650.00000, 1.00625
0, 1651.00000, 1.00625
0, 1652.00000, 1.00625
0, 1653.00000, 1.00625
0, 1654.00000, 1.00625
0, 1655.00000, 1.00625
0, 1656.00000, 1.00625
0, 1657.00000, 1.00625
0, 1658.00000, 1.00625
0, 1659.00000, 1.00625
0, 1660.00000, 1.00625
0, 1661.00000, 1.00625
0, 1662.00000, 1.00625
0, 1663.00000, 1.00625
0, 1664.00000, 1.00625
0, 1665.00000, 1.00625
0, 1666.00000, 1.00625
0, 1667.00000, 1.00625
0, 1668.00000, 1.00625
0, 1669.00000, 1.00625
0, 1670.00000, 1.00625
0, 1671.00000, 1.00625
0, 1672.00000, 1.00625
0, 1673.00000, 1.00625
0, 1674.00000, 1.00625
0, 1675.00000, 1.00625
0, 1676.00000, 1.00625
0, 1677.00000, 1.00625
0, 1678.00000, 1.00625
0, 1679.00000, 1.00625
0, 1680.00000, 1.00625
0, 1681.00000, 1.00625
0, 1682.00000, 1.00625
0, 1683.00000, 1.00625
0, 1684.00000, 1.00625
0, 1685.00000, 1.00625
0, 1686.00000, 1.00625
0, 1687.00000, 1.00625
0, 1688.00000, 1.00625
0, 1689.00000, 1.00625
0, 1690.00000, 1.00625
0, 1691.00000, 1.00625
0, 1692.00000, 1.00625
0, 1693.00000, 1.00625
0, 1694.00000, 1.00625
0, 1695.00000, 1.00625
0, 1696.00000, 1.00625
0, 1697.00000, 1.00625
0, 1698.00000, 1.00625
0, 1699.00000, 1.00625
0, 1700.00000, 1.00625
0, 1701.00000, 1.00625
0, 1702.00000, 1.00625
0, 1703.00000, 1.00625
0, 1704.00000, 1.00625
0, 1705.00000, 1.00625
0, 1706.00000, 1.00625
0, 1707.00000, 1.00625
0, 1708.00000, 1.00625
0, 1709.00000, 1.00625
0, 1710.00000, 1.00625
0, 1711.00000, 1.00625
0, 1712.00000, 1.00625
0, 1713.00000, 1.00625
0, 1714.00000, 1.00625
0, 1715.00000, 1.00625
0, 1716.00000, 1.00625
0, 1717.00000, 1.00625
0, 1718.00000, 1.00625
0, 1719.00000, 1.00625
0, 1720.00000, 1.00625
0, 1721.00000, 1.00625
0, 1722.00000, 1.00625
0, 1723.00000, 1.00625
0, 1724.00000, 1.00625
0, 1725.00000, 1.00625
0, 1726.00000, 1.00625
0, 1727.00000, 1.00625
0, 1728.00000, 1.00625
0, 1729.00000, 1.00625
0, 1730.00000, 1.00625
0, 1731.00000, 1.00625
0, 1732.00000, 1.00625
0, 1733.00000, 1.00625
0, 1734.00000, 1.00625
0, 1735.00000, 1.00625
0, 1736.00000, 1.00625
0, 1737.00000, 1.00625
0, 1738.00000, 1.00625
0, 1739.00000, 1.00625
0, 1740.00000, 1.00625
0, 1741.00000, 1.00625
0, 1742.00000, 1.00625
0, 1743.00000, 1.00625
0, 1744.00000, 1.00625
0, 1745.00000, 1.00625
0, 1746.00000, 1.00625
0, 1747.00000, 1.00625
0, 1748.00000, 1.00625
0, 1749.00000, 1.00625
0, 1750.00000, 1.00625
0, 1751.00000, 1.00625
0, 1752.00000, 1.00625
0, 1753.00000, 1.00625
0, 1754.00000, 1.00625
0, 1755.00000, 1.00625
0, 1756.00000, 1.00625
0, 1757.00000, 1.00625
0, 1758.00000, 1.00625
0, 1759.00000, 1.00625
0, 1760.00000, 1.00625
0, 1761.00000, 1.00625
0, 1762.00000, 1.00625
0, 1763.00000, 1.00625
0, 1764.00000, 1.00625
0, 1765.00000, 1.00625
0, 1766.00000, 1.00625
0, 1767.00000, 1.00625
0, 1768.00000, 1.00625
0, 1769.00000, 1.00625
0, 1770.00000, 1.00625
0, 1771.00000, 1.00625
0, 1772.00000, 1.00625
0, 1773.00000, 1.00625
0, 1774.00000, 1.00625
0, 1775.00000, 1.00625
0, 1776.00000, 1.00625
0, 1777.00000, 1
0, 1778.00000, 1
0, 1779.00000, 1
0, 1780.00000, 1
0, 1781.00000, 1
0, 1782.00000, 1
0, 1783.00000, 1
0, 1784.00000, 1
0, 1785.00000, 1
0, 1786.00000, 1
0, 1787.00000, 1
0, 1788.00000, 1
0, 1789.00000, 1
0, 1790.00000, 1
0, 1791.00000, 1
0, 1792.00000, 1
0, 1793.00000, 1
0, 1794.00000, 1
0, 1795.00000, 1
0, 1796.00000, 1
0, 1797.00000, 1
0, 1798.00000, 1
0, 1799.00000, 1
0, 1800.00000, 1
0, 1801.00000, 1
0, 1802.00000, 1
0, 1803.00000, 1
0, 1804.00000, 1
0, 1805.00000, 1
0, 1806.00000, 1
0, 1807.00000, 1
0, 1808.00000, 1
0, 1809.00000, 1
0, 1810.00000, 1
0, 1811.00000, 1
0, 1812.00000, 1
0, 1813.00000, 1
0, 1814.00000, 1
0, 1815.00000, 1
0, 1816.00000, 1
0, 1817.00000, 1
0, 1818.00000, 1
0, 1819.00000, 1
0, 1820.00000, 1
0, 1821.00000, 1
0, 1822.00000, 1
0, 1823.00000, 1
0, 1824.00000, 1
0, 1825.00000, 1
0, 1826.00000, 1
0, 1827.00000, 1
0, 1828.00000, 1
0, 1829.00000, 1
0, 1830.00000, 1
0, 1831.00000, 1
0, 1832.00000, 1
0, 1833.00000, 1
0, 1834.00000, 1
0, 1835.00000, 1
0, 1836.00000, 1
0, 1837.00000, 1
0, 1838.00000, 1
0, 1839.00000, 1
0, 1840.00000, 1
0, 1841.00000, 1
0, 1842.00000, 1
0, 1843.00000, 1
0, 1844.00000, 1.00625
0, 1845.00000, 1.00625
0, 1846.00000, 1.00625
0, 1847.00000, 1.00625
0, 1848.00000, 1.00625
0, 1849.00000, 1.00625
0, 1850.00000, 1.00625
0, 1851.00000, 1.00625
0, 1852.00000, 1.00625
0, 1853.00000, 1.00625
0, 1854.00000, 1.00625
0, 1855.00000, 1.00625
0, 1856.00000, 1.00625
0, 1857.00000, 1.00625
0, 1858.00000, 1.00625
0, 1859.00000, 1.00625
0, 1860.00000, 1.00625
0, 1861.00000, 1.00625
0, 1862.00000, 1.00625
0, 1863.00000, 1.00625
0, 1864.00000, 1.00625
0, 1865.00000, 1.00625
0, 1866.00000, 1.00625
0, 1867.00000, 1.00625
0, 1868.00000, 1.00625
0, 1869.00000, 1.00625
0, 1870.00000, 1.00625
0, 1871.00000, 1.00625
0, 1872.00000, 1.00625
0, 1873.00000, 1.00625
0, 1874.00000, 1.00625
0, 1875.00000, 1.00625
0, 1876.00000, 1.00625
0, 1877.00000, 1.00625
0, 1878.00000, 1.00625
0, 1879.00000, 1.00625
0, 1880.00000, 1.00625
0, 1881.00000, 1.00625
0, 1882.00000, 1.00625
0, 1883.00000, 1.00625
0, 1884.00000, 1.00625
0, 1885.00000, 1.00625
0, 1886.00000, 1.00625
0, 1887.00000, 1.00625
0, 1888.00000, 1.00625
0, 1889.00000, 1.00625
0, 1890.00000, 1.00625
0, 1891.00000, 1.00625
0, 1892.00000, 1.00625
0, 1893.00000, 1.00625
0, 1894.00000, 1.00625
0, 1895.00000, 1.00625
0, 1896.00000, 1.00625
0, 1897.00000, 1.00625
0, 1898.00000, 1.00625
0, 1899.00000, 1.00625
0, 1900.00000, 1.00625
0, 1901.00000, 1.00625
0, 1902.00000, 1.00625
0, 1903.00000, 1.00625
0, 1904.00000, 1.00625
0, 1905.00000, 1.00625
0, 1906.00000, 1.00625
0, 1907.00000, 1.00625
0, 1908.00000, 1.00625
0, 1909.00000, 1.00625
0, 1910.00000, 1.00625
0, 1911.00000, 1.00625
0, 1912.00000, 1.00625
0, 1913.00000, 1.00625
0, 1914.00000, 1.00625
0, 1915.00000, 1.00625
0, 1916.00000, 1.00625
0, 1917.00000, 1.00625
0, 1918.00000, 1.00625
0, 1919.00000, 1.00625
0, 1920.00000, 1.00625
0, 1921.00000, 1.00625
0, 1922.00000, 1.00625
0, 1923.00000, 1.00625
0, 1924.00000, 1.00625
0, 1925.00000, 1.00625
0, 1926.00000, 1.00625
0, 1927.00000, 1.00625
0, 1928.00000, 1.00625
0, 1929.00000, 1.00625
0, 1930.00000, 1.00625
0, 1931.00000, 1.00625
0, 1932.00000, 1.00625
0, 1933.00000, 1.00625
0, 1934.00000, 1.00625
0, 1935.00000, 1.00625
0, 1936.00000, 1
0, 1937.00000, 1
0, 1938.00000, 1
0, 1939.00000, 1
0, 1940.00000, 1
0, 1941.00000, 1
0, 1942.00000, 1
0, 1943.00000, 1
0, 1944.00000, 1
0, 1945.00000, 1
0, 1946.00000, 1
0, 1947.00000, 1
0, 1948.00000, 1
0, 1949.00000, 1
0, 1950.00000, 1
0, 1951.00000, 1
0, 1952.00000, 1
0, 1953.00000, 1
0, 1954.00000, 1
0, 1955.00000, 1
0, 1956.00000, 1
0, 1957.00000, 1
0, 1958.00000, 1
0, 1959.00000, 1
0, 1960.00000, 1
0, 1961.00000, 1
0, 1962.00000, 1
0, 1963.00000, 1
0, 1964.00000, 1
0, 1965.00000, 1
0, 1966.00000, 1
0, 1967.00000, 1
0, 1968.00000, 1
0, 1969.00000, 1
0, 1970.00000, 1
0, 1971.00000, 1
0, 1972.00000, 1
0, 1973.00000, 1
0, 1974.00000, 1
0, 1975.00000, 1
0, 1976.00000, 1
0, 1977.00000, 1
0, 1978.00000, 1
0, 1979.00000, 1
0, 1980.00000, 1
0, 1981.00000, 1
0, 1982.00000, 1
0, 1983.00000, 1
0, 1984.00000, 1
0, 1985.00000, 1
0, 1986.00000, 1
0, 1987.00000, 1
0, 1988.00000, 1
0, 1989.00000, 1
0, 1990.00000, 1
0, 1991.00000, 1
0, 1992.00000, 1
0, 1993.00000, 1
0, 1994.00000, 1
0, 1995.00000, 1
0, 1996.00000, 1
0, 1997.00000, 1
0, 1998.00000, 1
0, 1999.00000, 1
0, 2000.00000, 1
0, 2001.00000, 1
0, 2002.00000, 1
0, 2003.00000, 1
0, 2004.00000, 1
0, 2005.00000, 1
0, 2006.00000, 1
0, 2007.00000, 1
0, 2008.00000, 1
0, 2009.00000, 1
0, 2010.00000, 1
0, 2011.00000, 1
0, 2012.00000, 1
0, 2013.00000, 1
0, 2014.00000, 1
0, 2015.00000, 1
0, 2016.00000, 1
0, 2017.00000, 1
0, 2018.00000, 1
0, 2019.00000, 1
0, 2020.00000, 1
0, 2021.00000, 1
0, 2022.00000, 1
0, 2023.00000, 1
0, 2024.00000, 1
0, 2025.00000, 1
0, 2026.00000, 1
0, 2027.00000, 1
0, 2028.00000, 1
0, 2029.00000, 1
0, 2030.00000, 1
0, 2031.00000, 1
0, 2032.00000, 1
0, 2033.00000, 1
0, 2034.00000, 1
0, 2035.00000, 1
0, 2036.00000, 1
0, 2037.00000, 1
0, 2038.00000, 1
0, 2039.00000, 1
0, 2040.00000, 1
0, 2041.00000, 1
0, 2042.00000, 1
0, 2043.00000, 1
0, 2044.00000, 1
0, 2045.00000, 1
0, 2046.00000, 1
0, 2047.00000, 1
0, 2048.00000, 1
0, 2049.00000, 1
0, 2050.00000, 1
0, 2051.00000, 1
0, 2052.00000, 1
0, 2053.00000, 1
0, 2054.00000, 1
0, 2055.00000, 1
0, 2056.00000, 1
0, 2057.00000, 1
0, 2058.00000, 1
0, 2059.00000, 1
0, 2060.00000, 1
0, 2061.00000, 1
0, 2062.00000, 1
0, 2063.00000, 1
0, 2064.00000, 1
0, 2065.00000, 1
0, 2066.00000, 1
0, 2067.00000, 1
0, 2068.00000, 1
0, 2069.00000, 1
0, 2070.00000, 1
0, 2071.00000, 1
0, 2072.00000, 1
0, 2073.00000, 1
0, 2074.00000, 1
0, 2075.00000, 1
0, 2076.00000, 1
0, 2077.00000, 1
0, 2078.00000, 1
0, 2079.00000, 1
0, 2080.00000, 1
0, 2081.00000, 1
0, 2082.00000, 1
0, 2083.00000, 1
0, 2084.00000, 1
0, 2085.00000, 1
0, 2086.00000, 1
0, 2087.00000, 1
0, 2088.00000, 1
0, 2089.00000, 1
0, 2090.00000, 1
0, 2091.00000, 1
0, 2092.00000, 1
0, 2093.00000, 1
0, 2094.00000, 1
0, 2095.00000, 1
0, 2096.00000, 1
0, 2097.00000, 1
0, 2098.00000, 1
0, 2099.00000, 1
0, 2100.00000, 1
0, 2101.00000, 1
0, 2102.00000, 1
0, 2103.00000, 1
0, 2104.00000, 1
0, 2105.00000, 1
0, 2106.00000, 1
0, 2107.00000, 1
0, 2108.00000, 1
0, 2109.00000, 1
0, 2110.00000, 1
0, 2111.00000, 1
0, 2112.00000, 1
0, 2113.00000, 1
0, 2114.00000, 1
0, 2115.00000, 1
0, 2116.00000, 1
0, 2117.00000, 1
0, 2118.00000, 1
0, 2119.00000, 1
0, 2120.00000, 1
0, 2121.00000, 1
0, 2122.00000, 1
0, 2123.00000, 1
0, 2124.00000, 1
0, 2125.00000, 1
0, 2126.00000, 1
0, 2127.00000, 1
0, 2128.00000, 1
0, 2129.00000, 1
0, 2130.00000, 1
0, 2131.00000, 1
0, 2132.00000, 1
0, 2133.00000, 1
0, 2134.00000, 1
0, 2135.00000, 1
0, 2136.00000, 1
0, 2137.00000, 1
0, 2138.00000, 1
0, 2139.00000, 1
0, 2140.00000, 1
0, 2141.00000, 1
0, 2142.00000, 1
0, 2143.00000, 1
0, 2144.00000, 1
0, 2145.00000, 1
0, 2146.00000, 1
0, 2147.00000, 1
0, 2148.00000, 1
0, 2149.00000, 1
0, 2150.00000, 1
0, 2151.00000, 1
0, 2152.00000, 1
0, 2153.00000, 1
0, 2154.00000, 1
0, 2155.00000, 1
0, 2156.00000, 1
0, 2157.00000, 1
0, 2158.00000, 1
0, 2159.00000, 1
0, 2160.00000, 1
0, 2161.00000, 1
0, 2162.00000, 1
0, 2163.00000, 1
0, 2164.00000, 1
0, 2165.00000, 1
0, 2166.00000, 1
0, 2167.00000, 1
0, 2168.00000, 1
0, 2169.00000, 1
0, 2170.00000, 1
0, 2171.00000, 1
0, 2172.00000, 1
0, 2173.00000, 1
0, 2174.00000, 1
0, 2175.00000, 1
0, 2176.00000, 1
0, 2177.00000, 1
0, 2178.00000, 1
0, 2179.00000, 1
0, 2180.00000, 1
0, 2181.00000, 1
0, 2182.00000, 1
0, 2183.00000, 1
0, 2184.00000, 1
0, 2185.00000, 1
0, 2186.00000, 1
0, 2187.00000, 1
0, 2188.00000, 1
0, 2189.00000, 1
0, 2190.00000, 1
0, 2191.00000, 1
0, 2192.00000, 1
0, 2193.00000, 1
0, 2194.00000, 1
0, 2195.00000, 1
0, 2196.00000, 1
0, 2197.00000, 1
0, 2198.00000, 1
0, 2199.00000, 1
0, 2200.00000, 1
0, 2201.00000, 1
0, 2202.00000, 1
0, 2203.00000, 1
0, 2204.00000, 1
0, 2205.00000, 1
0, 2206.00000, 1
0, 2207.00000, 1
0, 2208.00000, 1
0, 2209.00000, 1
0, 2210.00000, 1
0, 2211.00000, 1
0, 2212.00000, 1
0, 2213.00000, 1
0, 2214.00000, 1
0, 2215.00000, 1
0, 2216.00000, 1
0, 2217.00000, 1
0, 2218.00000, 1
0, 2219.00000, 1
0, 2220.00000, 1
0, 2221.00000, 1
0, 2222.00000, 1
0, 2223.00000, 1
0, 2224.00000, 1
0, 2225.00000, 1
0, 2226.00000, 1
0, 2227.00000, 1
0, 2228.00000, 1
0, 2229.00000, 1
0, 2230.00000, 1
0, 2231.00000, 1
0, 2232.00000, 1
0, 2233.00000, 1
0, 2234.00000, 1
0, 2235.00000, 1
0, 2236.00000, 1
0, 2237.00000, 1
0, 2238.00000, 1
0, 2239.00000, 1
0, 2240.00000, 1
0, 2241.00000, 1
0, 2242.00000, 1
0, 2243.00000, 1
0, 2244.00000, 1
0, 2245.00000, 1
0, 2246.00000, 1
0, 2247.00000, 1
0, 2248.00000, 1
0, 2249.00000, 1
0, 2250.00000, 1
0, 2251.00000, 1
0, 2252.00000, 1
0, 2253.00000, 1
0, 2254.00000, 1
0, 2255.00000, 1
0, 2256.00000, 1
0, 2257.00000, 1
0, 2258.00000, 1
0, 2259.00000, 1
0, 2260.00000, 1
0, 2261.00000, 1
0, 2262.00000, 1
0, 2263.00000, 1
0, 2264.00000, 1
0, 2265.00000, 1
0, 2266.00000, 1
0, 2267.00000, 1
0, 2268.00000, 1
0, 2269.00000, 1
0, 2270.00000, 1
0, 2271.00000, 1
0, 2272.00000, 1
0, 2273.00000, 1
0, 2274.00000, 1
0, 2275.00000, 1
0, 2276.00000, 1
0, 2277.00000, 1
0, 2278.00000, 1
0, 2279.00000, 1
0, 2280.00000, 1
0, 2281.00000, 1
0, 2282.00000, 1
0, 2283.00000, 1
0, 2284.00000, 1
0, 2285.00000, 1
0, 2286.00000, 1
0, 2287.00000, 1
0, 2288.00000, 1
0, 2289.00000, 1
0, 2290.00000, 1
0, 2291.00000, 1
0, 2292.00000, 1
0, 2293.00000, 1
0, 2294.00000, 1
0, 2295.00000, 1
0, 2296.00000, 1
0, 2297.00000, 1
0, 2298.00000, 1
0, 2299.00000, 1
0, 2300.00000, 1
0, 2301.00000, 1
0, 2302.00000, 1
0, 2303.00000, 1
0, 2304.00000, 1
0, 2305.00000, 1
0, 2306.00000, 1
0, 2307.00000, 1
0, 2308.00000, 1
0, 2309.00000, 1
0, 2310.00000, 1
0, 2311.00000, 1
0, 2312.00000, 1
0, 2313.00000, 1
0, 2314.00000, 1
0, 2315.00000, 1
0, 2316.00000, 1
0, 2317.00000, 1
0, 2318.00000, 1
0, 2319.00000, 1
0, 2320.00000, 1
0, 2321.00000, 1
0, 2322.00000, 1
0, 2323.00000, 1
0, 2324.00000, 1
0, 2325.00000, 1
0, 2326.00000, 1
0, 2327.00000, 1
0, 2328.00000, 1
0, 2329.00000, 1
0, 2330.00000, 1
0, 2331.00000, 1
0, 2332.00000, 1
0, 2333.00000, 1
0, 2334.00000, 1
0, 2335.00000, 1
0, 2336.00000, 1
0, 2337.00000, 1
0, 2338.00000, 1
0, 2339.00000, 1
0, 2340.00000, 1
0, 2341.00000, 1
0, 2342.00000, 1
0, 2343.00000, 1
0, 2344.00000, 1
0, 2345.00000, 1
0, 2346.00000, 1
0, 2347.00000, 1
0, 2348.00000, 1
0, 2349.00000, 1
0, 2350.00000, 1
0, 2351.00000, 1
0, 2352.00000, 1
0, 2353.00000, 1
0, 2354.00000, 1
0, 2355.00000, 1
0, 2356.00000, 1
0, 2357.00000, 1
0, 2358.00000, 1
0, 2359.00000, 1
0, 2360.00000, 1
0, 2361.00000, 1
0, 2362.00000, 1
0, 2363.00000, 1
0, 2364.00000, 1
0, 2365.00000, 1
0, 2366.00000, 1
0, 2367.00000, 1
0, 2368.00000, 1
0, 2369.00000, 1
0, 2370.00000, 1
0, 2371.00000, 1
0, 2372.00000, 1
0, 2373.00000, 1
0, 2374.00000, 1
0, 2375.00000, 1
0, 2376.00000, 1
0, 2377.00000, 1
0, 2378.00000, 1
0, 2379.00000, 1
0, 2380.00000, 1
0, 2381.00000, 1
0, 2382.00000, 1
0, 2383.00000, 1
0, 2384.00000, 1
0, 2385.00000, 1
0, 2386.00000, 1
0, 2387.00000, 1
0, 2388.00000, 1
0, 2389.00000, 1
0, 2390.00000, 1
0, 2391.00000, 1
0, 2392.00000, 1
0, 2393.00000, 1
0, 2394.00000, 1
0, 2395.00000, 1
0, 2396.00000, 1
0, 2397.00000, 1
0, 2398.00000, 1
0, 2399.00000, 1
0, 2400.00000, 1
0, 2401.00000, 1
0, 2402.00000, 1
0, 2403.00000, 1
0, 2404.00000, 1
0, 2405.00000, 1
0, 2406.00000, 1
0, 2407.00000, 1
0, 2408.00000, 1
0, 2409.00000, 1
0, 2410.00000, 1
0, 2411.00000, 1
0, 2412.00000, 1
0, 2413.00000, 1
0, 2414.00000, 1
0, 2415.00000, 1
0, 2416.00000, 1
0, 2417.00000, 1
0, 2418.00000, 1
0, 2419.00000, 1
0, 2420.00000, 1
0, 2421.00000, 1
0, 2422.00000, 1
0, 2423.00000, 1
0, 2424.00000, 1
0, 2425.00000, 1
0, 2426.00000, 1
0, 2427.00000, 1
0, 2428.00000, 1
0, 2429.00000, 1
0, 2430.00000, 1
0, 2431.00000, 1
0, 2432.00000, 1
0, 2433.00000, 1
0, 2434.00000, 1
0, 2435.00000, 1
0, 2436.00000, 1
0, 2437.00000, 1
0, 2438.00000, 1
0, 2439.00000, 1
0, 2440.00000, 1
0, 2441.00000, 1
0, 2442.00000, 1
0, 2443.00000, 1
0, 2444.00000, 1
0, 2445.00000, 1
0, 2446.00000, 1
0, 2447.00000, 1
0, 2448.00000, 1
0, 2449.00000, 1
0, 2450.00000, 1
0, 2451.00000, 1
0, 2452.00000, 1
0, 2453.00000, 1
0, 2454.00000, 1
0, 2455.00000, 1
0, 2456.00000, 1
0, 2457.00000, 1
0, 2458.00000, 1
0, 2459.00000, 1
0, 2460.00000, 1
0, 2461.00000, 1
0, 2462.00000, 1
0, 2463.00000, 1
0, 2464.00000, 1
0, 2465.00000, 1
0, 2466.00000, 1
0, 2467.00000, 1
0, 2468.00000, 1
0, 2469.00000, 1
0, 2470.00000, 1
0, 2471.00000, 1
0, 2472.00000, 1
0, 2473.00000, 1
0, 2474.00000, 1
0, 2475.00000, 1
0, 2476.00000, 1
0, 2477.00000, 1
0, 2478.00000, 1
0, 2479.00000, 1
0, 2480.00000, 1
0, 2481.00000, 1
0, 2482.00000, 1
0, 2483.00000, 1
0, 2484.00000, 1
0, 2485.00000, 1
0, 2486.00000, 1
0, 2487.00000, 1
0, 2488.00000, 1
0, 2489.00000, 1
0, 2490.00000, 1
0, 2491.00000, 1
0, 2492.00000, 1
0, 2493.00000, 1
0, 2494.00000, 1
0, 2495.00000, 1
0, 2496.00000, 1
0, 2497.00000, 1
0, 2498.00000, 1
0, 2499.00000, 1
0, 2500.00000, 1
0, 2501.00000, 1
0, 2502.00000, 1
0, 2503.00000, 1
0, 2504.00000, 1
0, 2505.00000, 1
0, 2506.00000, 1
0, 2507.00000, 1
0, 2508.00000, 1
0, 2509.00000, 1
0, 2510.00000, 1
0, 2511.00000, 1
0, 2512.00000, 1
0, 2513.00000, 1
0, 2514.00000, 1
0, 2515.00000, 1
0, 2516.00000, 1
0, 2517.00000, 1
0, 2518.00000, 1
0, 2519.00000, 1
0, 2520.00000, 1
0, 2521.00000, 1
0, 2522.00000, 1
0, 2523.00000, 1
0, 2524.00000, 1
0, 2525.00000, 1
0, 2526.00000, 1
0, 2527.00000, 1
0, 2528.00000, 1
0, 2529.00000, 1
0, 2530.00000, 1
0, 2531.00000, 1
0, 2532.00000, 1
0, 2533.00000, 1
0, 2534.00000, 1
0, 2535.00000, 1
0, 2536.00000, 1
0, 2537.00000, 1
0, 2538.00000, 1
0, 2539.00000, 1
0, 2540.00000, 1
0, 2541.00000, 1
0, 2542.00000, 1
0, 2543.00000, 1
0, 2544.00000, 1
0, 2545.00000, 1
0, 2546.00000, 1
0, 2547.00000, 1
0, 2548.00000, 1
0, 2549.00000, 1
0, 2550.00000, 1
0, 2551.00000, 1
0, 2552.00000, 1
0, 2553.00000, 1
0, 2554.00000, 1
0, 2555.00000, 1
0, 2556.00000, 1
0, 2557.00000, 1
0, 2558.00000, 1
0, 2559.00000, 1
0, 2560.00000, 1
0, 2561.00000, 1
0, 2562.00000, 1
0, 2563.00000, 1
0, 2564.00000, 1
0, 2565.00000, 1
0, 2566.00000, 1
0, 2567.00000, 1
0, 2568.00000, 1
0, 2569.00000, 1
0, 2570.00000, 1
0, 2571.00000, 1
0, 2572.00000, 1
0, 2573.00000, 1
0, 2574.00000, 1
0, 2575.00000, 1
0, 2576.00000, 1
0, 2577.00000, 1
0, 2578.00000, 1
0, 2579.00000, 1
0, 2580.00000, 1
0, 2581.00000, 1
0, 2582.00000, 1
0, 2583.00000, 1
0, 2584.00000, 1
0, 2585.00000, 1
0, 2586.00000, 1
0, 2587.00000, 1
0, 2588.00000, 1
0, 2589.00000, 1
0, 2590.00000, 1
0, 2591.00000, 1
0, 2592.00000, 1
0, 2593.00000, 1
0, 2594.00000, 1
0, 2595.00000, 1
0, 2596.00000, 1
0, 2597.00000, 1
0, 2598.00000, 1
0, 2599.00000, 1
0, 2600.00000, 1
0, 2601.00000, 1
0, 2602.00000, 1
0, 2603.00000, 1
0, 2604.00000, 1
0, 2605.00000, 1
0, 2606.00000, 1
0, 2607.00000, 1
0, 2608.00000, 1
0, 2609.00000, 1
0, 2610.00000, 1
0, 2611.00000, 1
0, 2612.00000, 1
0, 2613.00000, 1
0, 2614.00000, 1
0, 2615.00000, 1
0, 2616.00000, 1
0, 2617.00000, 1
0, 2618.00000, 1
0, 2619.00000, 1
0, 2620.00000, 1
0, 2621.00000, 1
0, 2622.00000, 1
0, 2623.00000, 1
0, 2624.00000, 1
0, 2625.00000, 1
0, 2626.00000, 1
0, 2627.00000, 1
0, 2628.00000, 1
0, 2629.00000, 1
0, 2630.00000, 1
0, 2631.00000, 1
0, 2632.00000, 1
0, 2633.00000, 1
0, 2634.00000, 1
0, 2635.00000, 1
0, 2636.00000, 1
0, 2637.00000, 1
0, 2638.00000, 1
0, 2639.00000, 1
0, 2640.00000, 1
0, 2641.00000, 1
0, 2642.00000, 1
0, 2643.00000, 1
0, 2644.00000, 1
0, 2645.00000, 1
0, 2646.00000, 1
0, 2647.00000, 1
0, 2648.00000, 1
0, 2649.00000, 1
0, 2650.00000, 1
0, 2651.00000, 1
0, 2652.00000, 1
0, 2653.00000, 1
0, 2654.00000, 1
0, 2655.00000, 1
0, 2656.00000, 1
0, 2657.00000, 1
0, 2658.00000, 1
0, 2659.00000, 1
0, 2660.00000, 1
0, 2661.00000, 1
0, 2662.00000, 1
0, 2663.00000, 1
0, 2664.00000, 1
0, 2665.00000, 1
0, 2666.00000, 1
0, 2667.00000, 1
0, 2668.00000, 1
0, 2669.00000, 1
0, 2670.00000, 1
0, 2671.00000, 1
0, 2672.00000, 1
0, 2673.00000, 1
0, 2674.00000, 1
0, 2675.00000, 1
0, 2676.00000, 1
0, 2677.00000, 1
0, 2678.00000, 1
0, 2679.00000, 1
0, 2680.00000, 1
0, 2681.00000, 1
0, 2682.00000, 1
0, 2683.00000, 1
0, 2684.00000, 1
0, 2685.00000, 1
0, 2686.00000, 1
0, 2687.00000, 1
0, 2688.00000, 1
0, 2689.00000, 1
0, 2690.00000, 1
0, 2691.00000, 1
0, 2692.00000, 1
0, 2693.00000, 1
0, 2694.00000, 1
0, 2695.00000, 1
0, 2696.00000, 1
0, 2697.00000, 1
0, 2698.00000, 1
0, 2699.00000, 1
0, 2700.00000, 1
0, 2701.00000, 1
0, 2702.00000, 1
0, 2703.00000, 1
0, 2704.00000, 1
0, 2705.00000, 1
0, 2706.00000, 1
0, 2707.00000, 1
0, 2708.00000, 1
0, 2709.00000, 1
0, 2710.00000, 1
0, 2711.00000, 1
0, 2712.00000, 1
0, 2713.00000, 1
0, 2714.00000, 1
0, 2715.00000, 1
0, 2716.00000, 1
0, 2717.00000, 1
0, 2718.00000, 1
0, 2719.00000, 1
0, 2720.00000, 1
0, 2721.00000, 1
0, 2722.00000, 1
0, 2723.00000, 1
0, 2724.00000, 1
0, 2725.00000, 1
0, 2726.00000, 1
0, 2727.00000, 1
0, 2728.00000, 1
0, 2729.00000, 1
0, 2730.00000, 1
0, 2731.00000, 1
0, 2732.00000, 1
0, 2733.00000, 1
0, 2734.00000, 1
0, 2735.00000, 1
0, 2736.00000, 1
0, 2737.00000, 1
0, 2738.00000, 1
0, 2739.00000, 1
0, 2740.00000, 1
0, 2741.00000, 1
0, 2742.00000, 1
0, 2743.00000, 1
0, 2744.00000, 1
0, 2745.00000, 1
0, 2746.00000, 1
0, 2747.00000, 1
0, 2748.00000, 1
0, 2749.00000, 1
0, 2750.00000, 1
0, 2751.00000, 1
0, 2752.00000, 1
0, 2753.00000, 1
0, 2754.00000, 1
0, 2755.00000, 1
0, 2756.00000, 1
0, 2757.00000, 1
0, 2758.00000, 1
0, 2759.00000, 1
0, 2760.00000, 1
0, 2761.00000, 1
0, 2762.00000, 1
0, 2763.00000, 1
0, 2764.00000, 1
0, 2765.00000, 1
0, 2766.00000, 1
0, 2767.00000, 1
0, 2768.00000, 1
0, 2769.00000, 1
0, 2770.00000, 1
0, 2771.00000, 1
0, 2772.00000, 1
0, 2773.00000, 1
0, 2774.00000, 1
0, 2775.00000, 1
0, 2776.00000, 1
0, 2777.00000, 1
0, 2778.00000, 1
0, 2779.00000, 1
0, 2780.00000, 1
0, 2781.00000, 1
0, 2782.00000, 1
0, 2783.00000, 1
0, 2784.00000, 1
0, 2785.00000, 1
0, 2786.00000, 1
0, 2787.00000, 1
0, 2788.00000, 1
0, 2789.00000, 1
0, 2790.00000, 1
0, 2791.00000, 1
0, 2792.00000, 1
0, 2793.00000, 1
0, 2794.00000, 1
0, 2795.00000, 1
0, 2796.00000, 1
0, 2797.00000, 1
0, 2798.00000, 1
0, 2799.00000, 1
0, 2800.00000, 1
0, 2801.00000, 1
0, 2802.00000, 1
0, 2803.00000, 1
0, 2804.00000, 1
0, 2805.00000, 1
0, 2806.00000, 1
0, 2807.00000, 1
0, 2808.00000, 1
0, 2809.00000, 1
0, 2810.00000, 1
0, 2811.00000, 1
0, 2812.00000, 1
0, 2813.00000, 1
0, 2814.00000, 1
0, 2815.00000, 1
0, 2816.00000, 1
0, 2817.00000, 1
0, 2818.00000, 1
0, 2819.00000, 1
0, 2820.00000, 1
0, 2821.00000, 1
0, 2822.00000, 1
0, 2823.00000, 1
0, 2824.00000, 1
0, 2825.00000, 1
0, 2826.00000, 1
0, 2827.00000, 1
0, 2828.00000, 1
0, 2829.00000, 1
0, 2830.00000, 1
0, 2831.00000, 1
0, 2832.00000, 1
0, 2833.00000, 1
0, 2834.00000, 1
0, 2835.00000, 1
0, 2836.00000, 1
0, 2837.00000, 1
0, 2838.00000, 1
0, 2839.00000, 1
0, 2840.00000, 1
0, 2841.00000, 1
0, 2842.00000, 1
0, 2843.00000, 1
0, 2844.00000, 1
0, 2845.00000, 1
0, 2846.00000, 1
0, 2847.00000, 1
0, 2848.00000, 1
0, 2849.00000, 1
0, 2850.00000, 1
0, 2851.00000, 1
0, 2852.00000, 1
0, 2853.00000, 1
0, 2854.00000, 1
0, 2855.00000, 1
0, 2856.00000, 1
0, 2857.00000, 1
0, 2858.00000, 1
0, 2859.00000, 1
0, 2860.00000, 1
0, 2861.00000, 1
0, 2862.00000, 1
0, 2863.00000, 1
0, 2864.00000, 1
0, 2865.00000, 1
0, 2866.00000, 1
0, 2867.00000, 1
0, 2868.00000, 1
0, 2869.00000, 1
0, 2870.00000, 1
0, 2871.00000, 1
0, 2872.00000, 1
0, 2873.00000, 1
0, 2874.00000, 1
0, 2875.00000, 1
0, 2876.00000, 1
0, 2877.00000, 1
0, 2878.00000, 1
0, 2879.00000, 1
0, 2880.00000, 1
0, 2881.00000, 1
0, 2882.00000, 1
0, 2883.00000, 1
0, 2884.00000, 1
0, 2885.00000, 1
0, 2886.00000, 1
0, 2887.00000, 1
0, 2888.00000, 1
0, 2889.00000, 1
0, 2890.00000, 1
0, 2891.00000, 1
0, 2892.00000, 1
0, 2893.00000, 1
0, 2894.00000, 1
0, 2895.00000, 1
0, 2896.00000, 1
0, 2897.00000, 1
0, 2898.00000, 1
0, 2899.00000, 1
0, 2900.00000, 1
