hour, t(sec), V1, VAngle1, V2, VAngle2, V3, VAngle3, I1, IAngle1, I2, IAngle2, I3, IAngle3
0, 120.00000, 2425.88, -3.83372, 2437.56, -122.217, 2434.72, 117.601, 0.0108032, 86.7845, 0.0105043, -18.5678, 0.00908024, -142.074
0, 240.00000, 2440.87, -3.84589, 2453.38, -122.22, 2449.88, 117.596, 0.00240148, 82.3767, 0.00249527, -25.5607, 0.00277479, -155.134
0, 360.00000, 2455.92, -3.85745, 2469.2, -122.223, 2465.06, 117.589, 0.00241631, 82.3666, 0.00251126, -25.5658, 0.00279209, -155.143
0, 480.00000, 2471.16, -3.87232, 2469.38, -122.215, 2464.71, 117.588, 0.00242958, 82.3755, 0.00251176, -25.5825, 0.00279299, -155.105
0, 600.00000, 2471.18, -3.87177, 2469.36, -122.215, 2464.72, 117.588, 0.0024296, 82.3759, 0.00251175, -25.5826, 0.002793, -155.105
0, 720.00000, 2471.18, -3.87177, 2469.36, -122.215, 2464.72, 117.588, 0.0024296, 82.3759, 0.00251175, -25.5826, 0.002793, -155.105
0, 840.00000, 2471.18, -3.87177, 2469.36, -122.215, 2464.72, 117.588, 0.0024296, 82.3759, 0.00251175, -25.5826, 0.002793, -155.105
0, 960.00000, 2471.18, -3.87177, 2469.36, -122.215, 2464.72, 117.588, 0.0024296, 82.3759, 0.00251175, -25.5826, 0.002793, -155.105
0, 1080.00000, 2471.18, -3.87177, 2469.36, -122.215, 2464.72, 117.588, 0.0024296, 82.3759, 0.00251175, -25.5826, 0.002793, -155.105
0, 1200.00000, 2471.18, -3.87177, 2469.36, -122.215, 2464.72, 117.588, 0.0024296, 82.3759, 0.00251175, -25.5826, 0.002793, -155.105
0, 1320.00000, 2471.18, -3.87177, 2469.36, -122.215, 2464.72, 117.588, 0.0024296, 82.3759, 0.00251175, -25.5826, 0.002793, -155.105
0, 1440.00000, 2471.18, -3.87177, 2469.36, -122.215, 2464.72, 117.588, 0.0024296, 82.3759, 0.00251175, -25.5826, 0.002793, -155.105
0, 1560.00000, 2471.36, -3.86455, 2469.52, -122.208, 2464.86, 117.594, 0.507226, 175.863, 0.508048, 57.5117, 0.508591, -62.7189
0, 1680.00000, 2471.18, -3.87174, 2469.36, -122.215, 2464.72, 117.588, 0.0024296, 82.376, 0.00251175, -25.5826, 0.002793, -155.105
0, 1800.00000, 2471.18, -3.87177, 2469.36, -122.215, 2464.72, 117.588, 0.0024296, 82.3759, 0.00251175, -25.5826, 0.002793, -155.105
0, 1920.00000, 2471.24, -3.86936, 2469.42, -122.212, 2464.76, 117.59, 0.168993, 175.309, 0.169568, 56.9449, 0.169471, -63.3529
0, 2040.00000, 2471.18, -3.87176, 2469.36, -122.215, 2464.72, 117.588, 0.0024296, 82.3759, 0.00251175, -25.5826, 0.002793, -155.105
0, 2160.00000, 2471.18, -3.87177, 2469.36, -122.215, 2464.72, 117.588, 0.0024296, 82.3759, 0.00251175, -25.5826, 0.002793, -155.105
0, 2280.00000, 2471.18, -3.87177, 2469.36, -122.215, 2464.72, 117.588, 0.0024296, 82.3759, 0.00251175, -25.5826, 0.002793, -155.105
0, 2400.00000, 2471.41, -3.86215, 2469.58, -122.206, 2464.91, 117.597, 0.676334, 175.934, 0.677281, 57.5846, 0.678147, -62.6379
0, 2520.00000, 2471.18, -3.87173, 2469.36, -122.215, 2464.72, 117.588, 0.0024296, 82.376, 0.00251175, -25.5826, 0.002793, -155.105
0, 2640.00000, 2471.18, -3.87177, 2469.36, -122.215, 2464.72, 117.588, 0.0024296, 82.3759, 0.00251175, -25.5826, 0.002793, -155.105
0, 2760.00000, 2471.33, -3.86575, 2469.5, -122.209, 2464.84, 117.593, 0.422669, 175.806, 0.42343, 57.4542, 0.423812, -62.7831
0, 2880.00000, 2471.3, -3.86693, 2469.47, -122.21, 2464.81, 117.592, 0.338109, 175.723, 0.338809, 57.3687, 0.33903, -62.8786
0, 3000.00000, 2471.18, -3.87175, 2469.36, -122.215, 2464.72, 117.588, 0.0024296, 82.3759, 0.00251175, -25.5826, 0.002793, -155.105
0, 3120.00000, 2471.73, -3.84892, 2469.87, -122.193, 2465.16, 117.609, 1.60628, 176.068, 1.60791, 57.7209, 1.61058, -62.4877
0, 3240.00000, 2471.3, -3.86687, 2469.47, -122.21, 2464.81, 117.592, 0.338105, 175.724, 0.338807, 57.3691, 0.339028, -62.8785
0, 3360.00000, 2471.42, -3.86213, 2469.58, -122.206, 2464.91, 117.597, 0.676331, 175.934, 0.67728, 57.5847, 0.678146, -62.6378
0, 3480.00000, 2472.96, -3.7984, 2471, -122.146, 2466.14, 117.654, 5.15465, 176.185, 5.15886, 57.8365, 5.1688, -62.3669
1, 0.00000, 2473.09, -3.79337, 2471.11, -122.142, 2466.24, 117.658, 5.49213, 176.194, 5.49676, 57.8447, 5.50741, -62.3595
1, 120.00000, 2473.76, -3.76572, 2471.73, -122.116, 2466.78, 117.683, 7.43342, 176.232, 7.43952, 57.8812, 7.45441, -62.3233
1, 240.00000, 2474.19, -3.74762, 2472.13, -122.099, 2467.13, 117.7, 8.69872, 176.256, 8.70587, 57.9039, 8.72363, -62.3013
1, 360.00000, 2474.72, -3.72595, 2472.61, -122.079, 2467.55, 117.719, 10.2165, 176.283, 10.2249, 57.9299, 10.2462, -62.276
1, 480.00000, 2475.62, -3.6887, 2473.44, -122.045, 2468.27, 117.753, 12.8289, 176.329, 12.8394, 57.973, 12.867, -62.2341
1, 600.00000, 2476.49, -3.65261, 2474.24, -122.011, 2468.97, 117.785, 15.3549, 176.373, 15.3675, 58.0142, 15.4016, -62.1944
1, 720.00000, 2476.78, -3.64051, 2474.5, -122, 2469.2, 117.796, 16.1962, 176.388, 16.2097, 58.0282, 16.246, -62.1812
1, 840.00000, 2478.22, -3.5806, 2475.83, -121.944, 2470.36, 117.85, 20.4013, 176.458, 20.4181, 58.0944, 20.4659, -62.1169
1, 960.00000, 2478.57, -3.56605, 2476.15, -121.931, 2470.64, 117.863, 21.409, 176.476, 21.4272, 58.1114, 21.4778, -62.1012
1, 1080.00000, 2479.28, -3.5361, 2476.81, -121.903, 2471.22, 117.89, 23.5088, 176.511, 23.5288, 58.1443, 23.5855, -62.0694
1, 1200.00000, 2480.17, -3.49896, 2477.63, -121.869, 2471.93, 117.923, 26.1105, 176.555, 26.1329, 58.1852, 26.1975, -62.03
1, 1320.00000, 2480.92, -3.46778, 2478.31, -121.84, 2472.53, 117.951, 28.2908, 176.591, 28.3153, 58.2196, 28.3867, -61.997
1, 1440.00000, 2481.55, -3.44142, 2478.89, -121.815, 2473.04, 117.975, 30.1346, 176.622, 30.1609, 58.2486, 30.2383, -61.9692
1, 1560.00000, 2482.17, -3.41508, 2479.47, -121.791, 2473.54, 117.999, 31.9774, 176.653, 32.0056, 58.2775, 32.089, -61.9414
1, 1680.00000, 2482.83, -3.38757, 2480.07, -121.765, 2474.07, 118.024, 33.9029, 176.685, 33.9329, 58.3077, 34.0229, -61.9124
1, 1800.00000, 2481.67, -3.4364, 2478.99, -121.811, 2473.13, 117.979, 30.4685, 176.63, 30.4962, 58.2554, 30.5745, -61.9635
1, 1920.00000, 2481.18, -3.45684, 2478.54, -121.83, 2472.74, 117.961, 29.0444, 176.605, 29.0704, 58.2325, 29.144, -61.9852
1, 2040.00000, 2481.83, -3.42945, 2479.15, -121.804, 2473.27, 117.986, 30.9723, 176.636, 30.9995, 58.2618, 31.0796, -61.9566
1, 2160.00000, 2484.03, -3.33635, 2481.2, -121.718, 2475.05, 118.07, 37.5008, 176.743, 37.5335, 58.3626, 37.6363, -61.8589
1, 2280.00000, 2484.16, -3.33132, 2481.3, -121.713, 2475.14, 118.074, 37.8336, 176.751, 37.8681, 58.3696, 37.9718, -61.8531
1, 2400.00000, 2484.86, -3.30152, 2481.95, -121.686, 2475.71, 118.101, 39.9232, 176.786, 39.9595, 58.4017, 40.0709, -61.822
1, 2520.00000, 2485.34, -3.2812, 2482.39, -121.667, 2476.1, 118.119, 41.343, 176.809, 41.3808, 58.4241, 41.4975, -61.8006
1, 2640.00000, 2486.02, -3.25258, 2483.02, -121.64, 2476.65, 118.145, 43.3466, 176.843, 43.3865, 58.4552, 43.5108, -61.7706
1, 2760.00000, 2487.42, -3.19305, 2484.31, -121.585, 2477.78, 118.199, 47.5174, 176.911, 47.561, 58.5196, 47.7019, -61.7083
1, 2880.00000, 2488.59, -3.14299, 2485.4, -121.539, 2478.73, 118.244, 51.0162, 176.969, 51.0638, 58.5742, 51.219, -61.6557
1, 3000.00000, 2488.93, -3.12861, 2485.71, -121.525, 2479, 118.257, 52.0146, 176.987, 52.0641, 58.5905, 52.2233, -61.6404
1, 3120.00000, 2489.57, -3.10128, 2486.3, -121.5, 2479.52, 118.282, 53.9289, 177.019, 53.9802, 58.62, 54.1476, -61.6119
1, 3240.00000, 2490.45, -3.06325, 2487.12, -121.465, 2480.24, 118.316, 56.5903, 177.062, 56.6443, 58.6612, 56.8233, -61.5721
1, 3360.00000, 2491.23, -3.02996, 2487.84, -121.434, 2480.87, 118.346, 58.917, 177.101, 58.9738, 58.6975, 59.1632, -61.5371
1, 3480.00000, 2492, -2.9967, 2488.56, -121.403, 2481.5, 118.376, 61.2423, 177.14, 61.3017, 58.7336, 61.5017, -61.5023
2, 0.00000, 2492.69, -2.96701, 2489.2, -121.376, 2482.06, 118.403, 63.3171, 177.174, 63.3789, 58.7659, 63.5885, -61.4712
2, 120.00000, 2492.45, -2.9776, 2488.97, -121.386, 2481.86, 118.393, 62.5696, 177.163, 62.6316, 58.755, 62.8374, -61.482
2, 240.00000, 2492.47, -2.97644, 2488.99, -121.385, 2481.88, 118.394, 62.6528, 177.164, 62.7146, 58.7561, 62.9209, -61.4809
2, 360.00000, 2494.06, -2.9078, 2490.47, -121.321, 2483.18, 118.457, 67.4636, 177.242, 67.5291, 58.8295, 67.7589, -61.4094
2, 480.00000, 2494.29, -2.89818, 2490.67, -121.312, 2483.36, 118.465, 68.1256, 177.255, 68.1934, 58.8409, 68.426, -61.3989
2, 600.00000, 2494.89, -2.87214, 2491.23, -121.288, 2483.85, 118.489, 69.9481, 177.285, 70.0176, 58.8689, 70.2593, -61.3718
2, 720.00000, 2494.45, -2.891, 2490.83, -121.306, 2483.49, 118.472, 68.6223, 177.264, 68.6914, 58.8492, 68.9261, -61.3912
2, 840.00000, 2495.29, -2.8544, 2491.62, -121.272, 2484.18, 118.505, 71.1902, 177.305, 71.2608, 58.888, 71.5088, -61.3532
2, 960.00000, 2496.71, -2.7929, 2492.93, -121.215, 2485.34, 118.561, 75.4924, 177.376, 75.5673, 58.9542, 75.8376, -61.289
2, 1080.00000, 2496.96, -2.78214, 2493.16, -121.205, 2485.54, 118.57, 76.2358, 177.389, 76.3131, 58.9667, 76.5867, -61.2774
2, 1200.00000, 2497.98, -2.73729, 2494.12, -121.163, 2486.38, 118.611, 79.3759, 177.44, 79.4558, 59.0148, 79.7464, -61.2306
2, 1320.00000, 2498.71, -2.70536, 2494.8, -121.134, 2486.98, 118.64, 81.6049, 177.478, 81.6879, 59.0495, 81.9904, -61.1971
2, 1440.00000, 2499.82, -2.65698, 2495.83, -121.089, 2487.88, 118.683, 84.9874, 177.533, 85.0738, 59.1017, 85.3952, -61.1465
2, 1560.00000, 2500.38, -2.63215, 2496.35, -121.066, 2488.34, 118.706, 86.7184, 177.563, 86.8076, 59.1289, 87.1384, -61.1203
2, 1680.00000, 2502.15, -2.55445, 2498.01, -120.995, 2489.79, 118.776, 92.1539, 177.651, 92.2478, 59.2121, 92.6107, -61.0393
2, 1800.00000, 2502.6, -2.53431, 2498.43, -120.976, 2490.16, 118.795, 93.5525, 177.676, 93.6499, 59.2348, 94.0203, -61.0178
2, 1920.00000, 2503.24, -2.50606, 2499.02, -120.95, 2490.69, 118.82, 95.5262, 177.709, 95.6256, 59.2652, 96.008, -60.9882
2, 2040.00000, 2503.8, -2.48134, 2499.54, -120.927, 2491.15, 118.843, 97.2523, 177.738, 97.3539, 59.292, 97.7466, -60.9623
2, 2160.00000, 2504.46, -2.45194, 2500.16, -120.9, 2491.69, 118.869, 99.3061, 177.771, 99.41, 59.3237, 99.8154, -60.9315
2, 2280.00000, 2505.36, -2.41199, 2501.01, -120.863, 2492.43, 118.905, 102.097, 177.817, 102.204, 59.3666, 102.627, -60.8897
2, 2400.00000, 2506.13, -2.3779, 2501.72, -120.832, 2493.06, 118.936, 104.477, 177.857, 104.586, 59.4035, 105.024, -60.854
2, 2520.00000, 2506.76, -2.3497, 2502.31, -120.806, 2493.58, 118.962, 106.444, 177.89, 106.557, 59.4341, 107.007, -60.8244
2, 2640.00000, 2507.1, -2.33442, 2502.63, -120.792, 2493.86, 118.976, 107.51, 177.908, 107.624, 59.4508, 108.081, -60.8082
2, 2760.00000, 2507.83, -2.3016, 2503.32, -120.761, 2494.47, 119.005, 109.804, 177.945, 109.92, 59.4859, 110.392, -60.774
2, 2880.00000, 2508.04, -2.29216, 2503.52, -120.753, 2494.64, 119.014, 110.459, 177.957, 110.577, 59.4964, 111.053, -60.7639
2, 3000.00000, 2508.88, -2.2547, 2504.3, -120.718, 2495.33, 119.048, 113.078, 177.999, 113.197, 59.5364, 113.692, -60.7248
2, 3120.00000, 2494.42, -2.19027, 2504.87, -120.69, 2496.48, 119.083, 116.563, 178.075, 115.999, 59.5713, 116.475, -60.6847
2, 3240.00000, 2494.72, -2.17622, 2505.17, -120.677, 2496.74, 119.096, 117.557, 178.092, 116.98, 59.5863, 117.463, -60.6699
2, 3360.00000, 2494.88, -2.16914, 2505.32, -120.671, 2496.87, 119.102, 118.05, 178.1, 117.471, 59.5939, 117.957, -60.6625
2, 3480.00000, 2494.95, -2.16561, 2505.39, -120.667, 2496.94, 119.106, 118.296, 178.104, 117.716, 59.5977, 118.204, -60.6589
3, 0.00000, 2495.8, -2.12677, 2506.19, -120.632, 2497.65, 119.141, 121.011, 178.149, 120.415, 59.6392, 120.923, -60.6184
3, 120.00000, 2496.91, -2.07618, 2507.23, -120.585, 2498.57, 119.186, 124.543, 178.208, 123.93, 59.6934, 124.46, -60.5657
3, 240.00000, 2496.35, -2.10201, 2506.7, -120.609, 2498.1, 119.163, 122.732, 178.178, 122.133, 59.6658, 122.649, -60.5927
3, 360.00000, 2496.4, -2.09968, 2506.75, -120.607, 2498.14, 119.165, 122.898, 178.18, 122.296, 59.6683, 122.814, -60.5902
3, 480.00000, 2497.37, -2.05501, 2507.67, -120.566, 2498.95, 119.205, 126.02, 178.232, 125.4, 59.7161, 125.94, -60.5437
3, 600.00000, 2497.73, -2.03853, 2508.01, -120.551, 2499.25, 119.22, 127.166, 178.251, 126.543, 59.7337, 127.091, -60.5266
3, 720.00000, 2497.3, -2.05849, 2507.6, -120.569, 2498.89, 119.202, 125.769, 178.228, 125.156, 59.7124, 125.692, -60.5474
3, 840.00000, 2496.58, -2.09142, 2506.92, -120.599, 2498.29, 119.172, 123.47, 178.19, 122.868, 59.6772, 123.389, -60.5817
3, 960.00000, 2498.8, -1.98924, 2509.02, -120.506, 2500.15, 119.265, 130.615, 178.308, 129.969, 59.7865, 130.543, -60.4751
3, 1080.00000, 2499.8, -1.94341, 2509.96, -120.464, 2500.98, 119.306, 133.806, 178.361, 133.149, 59.8355, 133.743, -60.4275
3, 1200.00000, 2501.02, -1.8871, 2511.11, -120.412, 2502, 119.357, 137.735, 178.427, 137.059, 59.8957, 137.681, -60.3688
3, 1320.00000, 2485.71, -2.58161, 2496.72, -121.049, 2489.28, 118.731, 89.2343, 177.622, 88.798, 59.1512, 89.1137, -61.0915
3, 1440.00000, 2503.74, -1.76054, 2513.69, -120.297, 2504.28, 119.471, 146.564, 178.573, 145.843, 60.0307, 146.528, -60.2371
3, 1560.00000, 2503.33, -1.79669, 2496.81, -120.31, 2503.45, 119.426, 143.834, 178.53, 144.076, 60.0174, 143.839, -60.2879
3, 1680.00000, 2503.28, -1.79893, 2496.76, -120.312, 2503.41, 119.424, 143.673, 178.527, 143.914, 60.0149, 143.674, -60.2905
3, 1800.00000, 2504.86, -1.7253, 2498.25, -120.244, 2504.73, 119.49, 148.818, 178.612, 149.062, 60.094, 148.832, -60.2138
3, 1920.00000, 2506.65, -1.63842, 2500.67, -120.157, 2490.86, 119.604, 155.516, 178.714, 155.718, 60.1945, 156.501, -60.0812
3, 2040.00000, 2507.96, -1.57668, 2501.92, -120.1, 2491.96, 119.66, 159.832, 178.785, 160.039, 60.261, 160.854, -60.0165
3, 2160.00000, 2507.25, -1.61045, 2501.24, -120.131, 2491.35, 119.629, 157.467, 178.746, 157.679, 60.225, 158.471, -60.0519
3, 2280.00000, 2507.35, -1.60579, 2501.33, -120.127, 2491.44, 119.633, 157.795, 178.751, 158.004, 60.2299, 158.8, -60.047
3, 2400.00000, 2508.31, -1.56037, 2502.25, -120.085, 2492.25, 119.675, 160.97, 178.804, 161.179, 60.2786, 162.003, -59.9993
3, 2520.00000, 2507.67, -1.59063, 2501.64, -120.113, 2491.71, 119.647, 158.85, 178.769, 159.064, 60.2463, 159.867, -60.0311
3, 2640.00000, 2508.24, -1.56385, 2502.18, -120.088, 2492.18, 119.672, 160.725, 178.8, 160.935, 60.2749, 161.757, -60.003
3, 2760.00000, 2508.66, -1.54405, 2502.58, -120.07, 2492.53, 119.69, 162.106, 178.823, 162.319, 60.2962, 163.152, -59.9821
3, 2880.00000, 2510.89, -1.4382, 2504.71, -119.973, 2494.41, 119.786, 169.5, 178.945, 169.713, 60.4098, 170.613, -59.8708
3, 3000.00000, 2513.15, -1.33016, 2506.87, -119.874, 2496.31, 119.884, 177.037, 179.07, 177.258, 60.5258, 178.224, -59.757
3, 3120.00000, 2500.59, -1.16255, 2509.28, -119.757, 2499.2, 120.007, 187.726, 179.266, 186.846, 60.6635, 187.819, -59.6175
3, 3240.00000, 2499.02, -1.23855, 2507.8, -119.826, 2497.87, 119.938, 182.436, 179.178, 181.586, 60.5825, 182.519, -59.6961
3, 3360.00000, 2500.53, -1.1651, 2509.24, -119.759, 2499.16, 120.005, 187.564, 179.263, 186.683, 60.6603, 187.664, -59.6197
3, 3480.00000, 2500.47, -1.16934, 2509.14, -119.763, 2499.08, 120, 187.23, 179.258, 186.365, 60.656, 187.336, -59.6246
4, 0.00000, 2500.04, -1.1903, 2508.73, -119.782, 2498.71, 119.981, 185.768, 179.234, 184.908, 60.6337, 185.867, -59.6464
4, 120.00000, 2449.64, -3.47804, 2461.39, -121.881, 2456.92, 117.923, 25.7508, 176.575, 25.6266, 58.1702, 25.6776, -62.0323
4, 240.00000, 2501.52, -1.11804, 2510.15, -119.717, 2499.97, 120.047, 190.809, 179.317, 189.921, 60.7105, 190.926, -59.5711
4, 360.00000, 2499.49, -1.21711, 2508.2, -119.807, 2498.24, 119.957, 183.893, 179.203, 183.048, 60.6057, 183.986, -59.6742
4, 480.00000, 2498.02, -1.28831, 2506.79, -119.872, 2496.99, 119.893, 178.927, 179.121, 178.104, 60.5298, 179.003, -59.7485
4, 600.00000, 2497.03, -1.33621, 2505.84, -119.916, 2496.15, 119.849, 175.587, 179.065, 174.778, 60.4786, 175.65, -59.7985
4, 720.00000, 2498.85, -1.24748, 2507.6, -119.835, 2497.71, 119.93, 181.789, 179.167, 180.937, 60.572, 181.869, -59.7065
4, 840.00000, 2497.97, -1.29065, 2506.74, -119.874, 2496.95, 119.89, 178.766, 179.118, 177.941, 60.5271, 178.84, -59.751
4, 960.00000, 2498.33, -1.27315, 2507.09, -119.858, 2497.26, 119.906, 179.993, 179.138, 179.156, 60.5452, 180.069, -59.733
4, 1080.00000, 2498.35, -1.27198, 2507.11, -119.857, 2497.28, 119.907, 180.073, 179.139, 179.237, 60.5466, 180.15, -59.7317
4, 1200.00000, 2497.39, -1.31868, 2506.19, -119.9, 2496.46, 119.865, 176.81, 179.085, 175.995, 60.4973, 176.877, -59.7803
4, 1320.00000, 2472.13, -2.49495, 2482.29, -120.976, 2475.31, 118.804, 94.6099, 177.724, 94.1818, 59.2375, 94.5031, -61.0045
4, 1440.00000, 2500.49, -1.16815, 2509.16, -119.762, 2499.1, 120.001, 187.315, 179.259, 186.444, 60.6571, 187.418, -59.6234
4, 1560.00000, 2500.18, -1.1833, 2508.86, -119.776, 2498.83, 119.988, 186.257, 179.242, 185.393, 60.6411, 186.357, -59.6392
4, 1680.00000, 2500.8, -1.15301, 2509.46, -119.749, 2499.36, 120.015, 188.373, 179.277, 187.494, 60.6731, 188.479, -59.6076
4, 1800.00000, 2501.87, -1.10059, 2510.49, -119.701, 2500.27, 120.063, 192.029, 179.337, 191.131, 60.7288, 192.149, -59.5529
4, 1920.00000, 2502.35, -1.07729, 2510.94, -119.68, 2500.68, 120.084, 193.652, 179.364, 192.748, 60.7537, 193.779, -59.5286
4, 2040.00000, 2502.37, -1.07612, 2510.97, -119.678, 2500.7, 120.085, 193.732, 179.366, 192.83, 60.7551, 193.86, -59.5273
4, 2160.00000, 2502.77, -1.05634, 2511.35, -119.66, 2501.04, 120.103, 195.112, 179.389, 194.202, 60.776, 195.245, -59.5067
4, 2280.00000, 2502.47, -1.07146, 2511.06, -119.674, 2500.78, 120.089, 194.056, 179.371, 193.154, 60.7601, 194.186, -59.5224
4, 2400.00000, 2502.33, -1.07844, 2510.92, -119.681, 2500.66, 120.083, 193.57, 179.363, 192.669, 60.7526, 193.697, -59.5297
4, 2520.00000, 2478.75, -2.1947, 2488.51, -120.701, 2480.8, 119.075, 115.616, 178.072, 115.092, 59.56, 115.534, -60.6926
4, 2640.00000, 2502.82, -1.054, 2511.4, -119.658, 2501.08, 120.105, 195.274, 179.391, 194.365, 60.7786, 195.408, -59.5042
4, 2760.00000, 2503.01, -1.0447, 2511.58, -119.65, 2501.25, 120.113, 195.923, 179.402, 195.01, 60.7884, 196.06, -59.4945
4, 2880.00000, 2502.52, -1.06912, 2511.1, -119.672, 2500.82, 120.091, 194.218, 179.374, 193.316, 60.7626, 194.349, -59.52
4, 3000.00000, 2502.73, -1.05866, 2511.31, -119.663, 2501, 120.1, 194.95, 179.386, 194.041, 60.7736, 195.082, -59.5091
4, 3120.00000, 2503.81, -1.00517, 2512.36, -119.614, 2501.93, 120.149, 198.682, 179.448, 197.751, 60.8303, 198.828, -59.4532
4, 3240.00000, 2504.17, -0.987702, 2512.7, -119.598, 2502.23, 120.165, 199.897, 179.468, 198.963, 60.849, 200.049, -59.435
4, 3360.00000, 2504.9, -0.951677, 2513.4, -119.565, 2502.86, 120.197, 202.409, 179.51, 201.461, 60.8873, 202.571, -59.3974
4, 3480.00000, 2467.2, -2.71542, 2477.67, -121.179, 2471.24, 118.606, 79.1691, 177.47, 78.8185, 59.0003, 79.0607, -61.2318
5, 0.00000, 2511.71, -0.611886, 2519.97, -119.256, 2508.69, 120.505, 226.078, 179.902, 225.011, 61.2478, 226.343, -59.0425
5, 120.00000, 2509.51, -0.745233, 2501.24, -119.349, 2506.19, 120.372, 216.662, 179.746, 217.1, 61.143, 216.969, -59.194
5, 240.00000, 2510.87, -0.676508, 2502.55, -119.287, 2507.37, 120.434, 221.437, 179.826, 221.849, 61.2156, 221.754, -59.1231
5, 360.00000, 2509.26, -0.757503, 2500.99, -119.361, 2505.98, 120.361, 215.786, 179.732, 216.199, 61.1295, 216.077, -59.2074
5, 480.00000, 2508.09, -0.815441, 2499.87, -119.414, 2504.99, 120.308, 211.748, 179.665, 212.153, 61.0674, 212.019, -59.268
5, 600.00000, 2508.97, -0.771442, 2500.72, -119.374, 2505.75, 120.348, 214.822, 179.716, 215.221, 61.1136, 215.106, -59.2224
5, 720.00000, 2511.03, -0.668465, 2502.7, -119.28, 2507.51, 120.442, 222.002, 179.835, 222.404, 61.2236, 222.322, -59.1149
5, 840.00000, 2511.84, -0.62796, 2503.48, -119.242, 2508.2, 120.478, 224.822, 179.882, 225.234, 61.2673, 225.156, -59.0725
5, 960.00000, 2511.27, -0.656828, 2502.92, -119.269, 2507.7, 120.452, 222.807, 179.848, 223.223, 61.2368, 223.131, -59.1025
5, 1080.00000, 2509.09, -0.765602, 2500.83, -119.368, 2505.84, 120.354, 215.22, 179.723, 215.635, 61.1211, 215.508, -59.2158
5, 1200.00000, 2508.99, -0.770267, 2500.74, -119.373, 2505.77, 120.349, 214.901, 179.717, 215.305, 61.1153, 215.186, -59.221
5, 1320.00000, 2510.17, -0.711247, 2501.88, -119.319, 2506.78, 120.403, 219.019, 179.785, 219.421, 61.178, 219.323, -59.1596
5, 1440.00000, 2461.87, -2.96183, 2456.36, -121.394, 2466.52, 118.372, 61.6491, 177.178, 61.764, 58.7456, 61.5375, -61.5074
5, 1560.00000, 2510.36, -0.701965, 2502.06, -119.31, 2506.94, 120.411, 219.662, 179.796, 220.072, 61.1884, 219.971, -59.1497
5, 1680.00000, 2511.05, -0.667271, 2502.72, -119.278, 2507.53, 120.443, 222.082, 179.836, 222.491, 61.2253, 222.402, -59.1135
5, 1800.00000, 2505.76, -0.93144, 2497.62, -119.52, 2502.99, 120.203, 203.642, 179.533, 204.058, 60.9455, 203.882, -59.3877
5, 1920.00000, 2483.64, -1.98508, 2476.68, -120.49, 2484.42, 119.251, 130.057, 178.314, 130.327, 59.8082, 130.036, -60.487
5, 2040.00000, 2458.77, -3.09552, 2453.54, -121.518, 2464.03, 118.253, 52.312, 177.023, 52.4053, 58.6015, 52.2016, -61.6446
5, 2160.00000, 2498.4, -0.48929, 2505.13, -119.157, 2510.49, 120.569, 233.511, -179.955, 232.522, 61.3692, 232.363, -58.9695
5, 2280.00000, 2497.42, -0.540585, 2504.16, -119.203, 2509.62, 120.524, 229.925, 179.986, 228.987, 61.3148, 228.825, -59.0217
5, 2400.00000, 2498.23, -0.498741, 2504.96, -119.165, 2510.33, 120.561, 232.843, -179.966, 231.882, 61.3588, 231.737, -58.9784
5, 2520.00000, 2497.1, -0.556794, 2503.86, -119.218, 2509.34, 120.509, 228.794, 179.967, 227.86, 61.2979, 227.692, -59.0383
5, 2640.00000, 2495.73, -0.626589, 2502.53, -119.281, 2508.16, 120.446, 223.93, 179.887, 223.019, 61.224, 222.835, -59.1105
5, 2760.00000, 2497.73, -0.524343, 2504.47, -119.188, 2509.9, 120.538, 231.063, -179.996, 230.104, 61.3311, 229.959, -59.0052
5, 2880.00000, 2497.24, -0.549836, 2503.99, -119.211, 2509.46, 120.515, 229.28, 179.975, 228.341, 61.305, 228.178, -59.0312
5, 3000.00000, 2497.37, -0.542878, 2504.12, -119.205, 2509.58, 120.522, 229.767, 179.983, 228.823, 61.3122, 228.664, -59.0241
5, 3120.00000, 2497.94, -0.513837, 2504.67, -119.179, 2510.07, 120.548, 231.791, -179.983, 230.836, 61.3428, 230.686, -58.9941
5, 3240.00000, 2445.71, -2.98076, 2455.34, -121.438, 2466.18, 118.338, 59.327, 177.154, 59.074, 58.6946, 58.8394, -61.5484
5, 3360.00000, 2499.42, -0.438325, 2506.09, -119.11, 2511.35, 120.616, 237.049, -179.896, 236.072, 61.4232, 235.938, -58.9157
5, 3480.00000, 2497.51, -0.535899, 2504.25, -119.199, 2509.7, 120.528, 230.253, 179.991, 229.307, 61.3196, 229.149, -59.0168
6, 0.00000, 2497.64, -0.52893, 2504.38, -119.192, 2509.82, 120.534, 230.739, 179.999, 229.79, 61.327, 229.634, -59.0096
6, 120.00000, 2499.09, -0.454634, 2505.79, -119.125, 2511.08, 120.601, 235.917, -179.915, 234.938, 61.4054, 234.807, -58.9327
6, 240.00000, 2500.67, -0.365645, 2508.22, -119.039, 2497.09, 120.725, 242.821, -179.81, 241.691, 61.5041, 243.2, -58.7864
6, 360.00000, 2500.69, -0.36559, 2508.21, -119.038, 2497.08, 120.724, 242.827, -179.811, 241.72, 61.5057, 243.168, -58.7873
6, 480.00000, 2483.58, -1.2257, 2491.68, -119.821, 2482.39, 119.945, 182.808, 179.195, 182.013, 60.5916, 182.907, -59.6855
6, 600.00000, 2502.99, -0.246059, 2510.45, -118.93, 2499.07, 120.832, 251.156, -179.673, 249.987, 61.6321, 251.52, -58.6626
6, 720.00000, 2447.49, -2.90221, 2457.57, -121.357, 2452.27, 118.434, 65.4203, 177.247, 65.1248, 58.7883, 65.2961, -61.4373
6, 840.00000, 2470.55, -2.56459, 2480.86, -121.04, 2474.04, 118.742, 89.791, 177.641, 89.3643, 59.1629, 89.6629, -61.0781
6, 960.00000, 2472.97, -2.45622, 2483.12, -120.94, 2476.03, 118.84, 97.3655, 177.767, 96.9079, 59.2795, 97.247, -60.9653
6, 1080.00000, 2513.63, -0.514076, 2521.87, -119.167, 2510.36, 120.595, 232.937, -179.989, 231.828, 61.3483, 233.226, -58.9415
6, 1200.00000, 2514.37, -0.501469, 2505.91, -119.125, 2510.34, 120.594, 233.652, -179.973, 234.127, 61.4041, 234.051, -58.939
6, 1320.00000, 2498.7, -0.474932, 2505.38, -119.144, 2510.73, 120.582, 234.48, -179.938, 233.49, 61.3842, 233.333, -58.9554
6, 1440.00000, 2443.53, -3.07614, 2453.32, -121.526, 2464.4, 118.253, 52.6362, 177.043, 52.4102, 58.5903, 52.1947, -61.6477
6, 1560.00000, 2476.82, -1.55638, 2484.48, -120.13, 2492.03, 119.611, 159.052, 178.81, 158.408, 60.2315, 158.094, -60.074
6, 1680.00000, 2453.6, -2.63062, 2462.66, -121.115, 2472.66, 118.65, 83.8659, 177.569, 83.531, 59.0781, 83.2364, -61.1798
6, 1800.00000, 2506.75, -0.0572348, 2513.21, -118.764, 2517.73, 120.959, 263.572, -179.456, 262.466, 61.8268, 262.436, -58.5205
6, 1920.00000, 2501.7, -0.312359, 2509.23, -118.99, 2497.99, 120.773, 246.534, -179.749, 245.383, 61.5605, 246.934, -58.7306
6, 2040.00000, 2495.3, -0.641951, 2502.97, -119.289, 2492.42, 120.474, 223.56, 179.87, 222.558, 61.2127, 223.817, -59.0761
6, 2160.00000, 2445.28, -2.99982, 2455.51, -121.447, 2450.46, 118.347, 58.5712, 177.133, 58.3055, 58.6823, 58.4501, -61.5392
6, 2280.00000, 2506.74, -0.0497743, 2514.12, -118.751, 2502.33, 121.011, 264.825, -179.446, 263.594, 61.8397, 265.275, -58.4569
6, 2400.00000, 2505.01, -0.140943, 2512.42, -118.834, 2500.82, 120.928, 258.474, -179.551, 257.288, 61.7439, 258.891, -58.5522
6, 2520.00000, 2501.73, -0.312177, 2509.22, -118.989, 2497.97, 120.773, 246.54, -179.748, 245.429, 61.5638, 246.9, -58.7309
6, 2640.00000, 2500, -0.401479, 2507.53, -119.07, 2496.47, 120.692, 240.32, -179.852, 239.234, 61.4686, 240.651, -58.8244
6, 2760.00000, 2498.81, -0.462978, 2506.37, -119.126, 2495.44, 120.636, 236.035, -179.923, 234.969, 61.4033, 236.345, -58.8888
6, 2880.00000, 2498.87, -0.459517, 2506.44, -119.123, 2495.5, 120.639, 236.281, -179.919, 235.207, 61.4061, 236.591, -58.8856
6, 3000.00000, 2499.41, -0.431684, 2506.97, -119.098, 2495.97, 120.664, 238.222, -179.887, 237.136, 61.4354, 238.541, -58.8566
6, 3120.00000, 2449.23, -2.82521, 2459.19, -121.287, 2453.7, 118.504, 70.8228, 177.337, 70.5038, 58.8719, 70.6969, -61.3568
6, 3240.00000, 2500.11, -0.395731, 2507.64, -119.065, 2496.57, 120.697, 240.727, -179.846, 239.63, 61.4738, 241.059, -58.8188
6, 3360.00000, 2500.82, -0.358649, 2508.34, -119.032, 2497.19, 120.731, 243.313, -179.803, 242.198, 61.5127, 243.656, -58.7802
6, 3480.00000, 2452.81, -2.66552, 2462.53, -121.14, 2456.64, 118.647, 82.023, 177.523, 81.6557, 59.045, 81.8983, -61.19
7, 0.00000, 2454.71, -3.25989, 2466.13, -121.679, 2461.06, 118.119, 41.0954, 176.832, 40.8931, 58.4114, 40.9881, -61.8018
7, 120.00000, 2502.61, -0.265327, 2510.12, -118.947, 2498.76, 120.816, 249.843, -179.695, 248.695, 61.6119, 250.228, -58.6815
7, 240.00000, 2501.34, -0.33202, 2508.85, -119.007, 2497.64, 120.755, 245.165, -179.772, 244.051, 61.5414, 245.521, -58.7522
7, 360.00000, 2500.05, -0.399167, 2507.58, -119.068, 2496.51, 120.694, 240.483, -179.849, 239.394, 61.4708, 240.814, -58.8221
7, 480.00000, 2501.83, -0.306562, 2509.33, -118.984, 2498.07, 120.778, 246.945, -179.743, 245.805, 61.5674, 247.306, -58.7258
7, 600.00000, 2489.58, -0.929765, 2497.44, -119.551, 2487.51, 120.213, 203.477, 179.537, 202.579, 60.9068, 203.652, -59.3767
7, 720.00000, 2498.35, -0.486131, 2505.93, -119.147, 2495.05, 120.615, 234.425, -179.95, 233.355, 61.378, 234.719, -58.9136
7, 840.00000, 2499.12, -0.446771, 2506.68, -119.112, 2495.72, 120.651, 237.172, -179.905, 236.09, 61.4193, 237.485, -58.8724
7, 960.00000, 2499.45, -0.429361, 2507.01, -119.096, 2496.01, 120.666, 238.384, -179.885, 237.297, 61.438, 238.703, -58.8541
7, 1080.00000, 2499.59, -0.422397, 2507.14, -119.09, 2496.13, 120.673, 238.868, -179.877, 237.781, 61.4454, 239.191, -58.8468
7, 1200.00000, 2499.14, -0.445585, 2506.7, -119.111, 2495.73, 120.652, 237.25, -179.903, 236.174, 61.4212, 237.565, -58.8709
7, 1320.00000, 2499.43, -0.430519, 2506.99, -119.097, 2495.99, 120.665, 238.303, -179.886, 237.217, 61.4367, 238.622, -58.8553
7, 1440.00000, 2500.24, -0.388788, 2507.78, -119.059, 2496.69, 120.703, 241.213, -179.838, 240.109, 61.4807, 241.546, -58.8117
7, 1560.00000, 2500.83, -0.358647, 2508.34, -119.032, 2497.19, 120.731, 243.313, -179.803, 242.199, 61.5128, 243.656, -58.7802
7, 1680.00000, 2500.85, -0.357471, 2508.37, -119.031, 2497.21, 120.732, 243.393, -179.801, 242.282, 61.5143, 243.737, -58.7788
7, 1800.00000, 2499.35, -0.435122, 2506.9, -119.101, 2495.91, 120.661, 237.976, -179.891, 236.902, 61.4329, 238.295, -58.8596
7, 1920.00000, 2498.6, -0.473429, 2506.17, -119.136, 2495.27, 120.626, 235.308, -179.935, 234.244, 61.3919, 235.614, -58.8999
7, 2040.00000, 2498.33, -0.487366, 2505.91, -119.148, 2495.03, 120.614, 234.338, -179.951, 233.276, 61.3768, 234.639, -58.9146
7, 2160.00000, 2498.44, -0.481568, 2506.02, -119.143, 2495.13, 120.619, 234.744, -179.945, 233.678, 61.3827, 235.046, -58.9086
7, 2280.00000, 2498.67, -0.469965, 2506.24, -119.133, 2495.33, 120.63, 235.553, -179.932, 234.482, 61.395, 235.859, -58.8965
7, 2400.00000, 2500.24, -0.38881, 2507.78, -119.059, 2496.69, 120.703, 241.214, -179.838, 240.106, 61.4803, 241.546, -58.8119
7, 2520.00000, 2500.71, -0.364438, 2508.23, -119.037, 2497.1, 120.725, 242.909, -179.81, 241.798, 61.5067, 243.25, -58.7862
7, 2640.00000, 2501.03, -0.348209, 2508.54, -119.022, 2497.37, 120.74, 244.039, -179.791, 242.923, 61.5239, 244.386, -58.7692
7, 2760.00000, 2461.19, -2.28547, 2470.4, -120.791, 2463.58, 118.989, 108.662, 177.965, 108.18, 59.4554, 108.56, -60.7931
7, 2880.00000, 2458.18, -3.11028, 2469.91, -121.533, 2448.53, 118.279, 52.1602, 177.008, 51.8909, 58.5829, 52.3582, -61.6169
7, 3000.00000, 2501.74, -0.311566, 2509.24, -118.988, 2497.97, 120.773, 246.623, -179.749, 245.516, 61.5645, 246.952, -58.7309
7, 3120.00000, 2502.64, -0.264856, 2510.11, -118.946, 2498.76, 120.816, 249.845, -179.695, 248.706, 61.6125, 250.223, -58.6819
7, 3240.00000, 2500.41, -0.380604, 2507.93, -119.051, 2496.82, 120.711, 241.773, -179.827, 240.683, 61.4911, 242.111, -58.8024
7, 3360.00000, 2500.22, -0.389921, 2507.75, -119.06, 2496.67, 120.702, 241.131, -179.839, 240.032, 61.48, 241.464, -58.8127
7, 3480.00000, 2498.6, -0.473426, 2506.17, -119.136, 2495.26, 120.626, 235.305, -179.935, 234.245, 61.3926, 235.612, -58.8995
8, 0.00000, 2499.7, -0.416614, 2507.25, -119.084, 2496.22, 120.678, 239.275, -179.87, 238.18, 61.4509, 239.598, -58.841
8, 120.00000, 2502.83, -0.254516, 2510.3, -118.937, 2498.94, 120.825, 250.575, -179.683, 249.408, 61.6218, 250.953, -58.6717
8, 240.00000, 2445.39, -2.99499, 2455.61, -121.443, 2450.55, 118.351, 58.9101, 177.138, 58.6424, 58.6869, 58.7889, -61.5349
8, 360.00000, 2502.06, -0.294924, 2509.54, -118.974, 2498.26, 120.788, 247.752, -179.729, 246.617, 61.5805, 248.117, -58.7134
8, 480.00000, 2500.61, -0.370186, 2508.12, -119.042, 2497, 120.72, 242.502, -179.816, 241.403, 61.5017, 242.842, -58.7917
8, 600.00000, 2503.98, -0.194387, 2511.43, -118.883, 2499.94, 120.88, 254.763, -179.614, 253.572, 61.6855, 255.163, -58.6086
8, 720.00000, 2473, -1.735, 2481.58, -120.286, 2473.45, 119.485, 147.196, 178.608, 146.573, 60.0481, 147.192, -60.2147
8, 840.00000, 2446.9, -2.92842, 2457.01, -121.381, 2451.77, 118.411, 63.5685, 177.23, 63.3, 58.7678, 63.4561, -61.4524
8, 960.00000, 2499.21, -0.442123, 2506.77, -119.107, 2495.79, 120.655, 237.493, -179.899, 236.414, 61.4246, 237.81, -58.8673
8, 1080.00000, 2497.33, -0.538456, 2504.94, -119.195, 2494.17, 120.567, 230.769, 179.99, 229.736, 61.3239, 231.056, -58.9673
8, 1200.00000, 2498.59, -0.473456, 2506.18, -119.136, 2495.27, 120.626, 235.313, -179.936, 234.238, 61.3905, 235.618, -58.9006
8, 1320.00000, 2499.25, -0.439803, 2506.81, -119.105, 2495.83, 120.657, 237.657, -179.897, 236.573, 61.4267, 237.973, -58.8651
8, 1440.00000, 2500.76, -0.362143, 2508.28, -119.035, 2497.14, 120.727, 243.072, -179.807, 241.955, 61.5085, 243.414, -58.7841
8, 1560.00000, 2447.17, -2.91666, 2457.27, -121.371, 2452, 118.421, 64.4069, 177.23, 64.1154, 58.7723, 64.2827, -61.4527
8, 1680.00000, 2466.51, -2.74478, 2477.09, -121.205, 2470.71, 118.581, 77.1785, 177.432, 76.809, 58.9688, 77.0459, -61.2656
8, 1800.00000, 2501.85, -0.304687, 2509.38, -118.982, 2498.11, 120.78, 247.1, -179.74, 245.968, 61.5702, 247.472, -58.7227
8, 1920.00000, 2498.78, -0.464195, 2506.35, -119.127, 2495.42, 120.635, 235.953, -179.925, 234.888, 61.4013, 236.264, -58.8904
8, 2040.00000, 2497.74, -0.517531, 2505.34, -119.176, 2494.52, 120.586, 232.233, -179.986, 231.186, 61.3452, 232.525, -58.946
8, 2160.00000, 2497.19, -0.545418, 2504.81, -119.201, 2494.05, 120.561, 230.29, 179.981, 229.251, 61.3154, 230.573, -58.9753
8, 2280.00000, 2496.76, -0.567495, 2504.39, -119.221, 2493.68, 120.541, 228.751, 179.956, 227.719, 61.2919, 229.026, -58.9984
8, 2400.00000, 2498.82, -0.461902, 2506.4, -119.126, 2495.46, 120.637, 236.12, -179.923, 235.037, 61.4028, 236.428, -58.8884
8, 2520.00000, 2482.55, -1.27613, 2490.69, -119.867, 2481.52, 119.9, 179.284, 179.136, 178.504, 60.5377, 179.37, -59.7383
8, 2640.00000, 2502.3, -0.281945, 2509.78, -118.962, 2498.47, 120.8, 248.656, -179.714, 247.501, 61.5941, 249.009, -58.7002
8, 2760.00000, 2477.5, -1.52052, 2485.86, -120.09, 2477.24, 119.679, 162.199, 178.854, 161.504, 60.2769, 162.234, -59.9926
8, 2880.00000, 2498.48, -0.479047, 2506.06, -119.141, 2495.17, 120.621, 234.92, -179.942, 233.838, 61.3855, 235.207, -58.9063
8, 3000.00000, 2498.01, -0.503613, 2505.6, -119.163, 2494.76, 120.599, 233.205, -179.97, 232.15, 61.3597, 233.501, -58.9316
8, 3120.00000, 2444.07, -3.05292, 2454.38, -121.496, 2449.47, 118.299, 54.8443, 177.071, 54.5955, 58.6248, 54.7266, -61.5944
8, 3240.00000, 2496.8, -0.565186, 2504.43, -119.219, 2493.72, 120.543, 228.913, 179.958, 227.879, 61.2941, 229.19, -58.996
8, 3360.00000, 2500.68, -0.365751, 2508.21, -119.038, 2497.08, 120.724, 242.825, -179.812, 241.698, 61.5043, 243.166, -58.7878
8, 3480.00000, 2449.77, -2.80117, 2459.7, -121.264, 2454.14, 118.525, 72.5087, 177.365, 72.183, 58.8984, 72.3831, -61.3313
9, 0.00000, 2498.87, -0.459523, 2506.44, -119.123, 2495.5, 120.639, 236.28, -179.919, 235.207, 61.4062, 236.591, -58.8855
9, 120.00000, 2498.35, -0.486195, 2505.93, -119.147, 2495.05, 120.615, 234.419, -179.95, 233.358, 61.3781, 234.721, -58.9134
9, 240.00000, 2468.91, -1.92782, 2477.7, -120.462, 2470.01, 119.311, 133.701, 178.384, 133.135, 59.8413, 133.661, -60.4162
9, 360.00000, 2497.33, -0.538464, 2504.94, -119.195, 2494.17, 120.567, 230.777, 179.989, 229.732, 61.3225, 231.061, -58.9681
9, 480.00000, 2497.08, -0.551233, 2504.7, -119.207, 2493.95, 120.556, 229.885, 179.975, 228.847, 61.3091, 230.166, -58.9814
9, 600.00000, 2480.71, -1.36533, 2488.93, -119.948, 2479.96, 119.819, 173.05, 179.033, 172.299, 60.4426, 173.114, -59.8314
9, 720.00000, 2495.3, -0.641791, 2502.97, -119.289, 2492.42, 120.474, 223.571, 179.87, 222.553, 61.2129, 223.812, -59.0764
9, 840.00000, 2498.38, -0.48398, 2505.98, -119.146, 2495.09, 120.617, 234.584, -179.948, 233.504, 61.3789, 234.885, -58.9117
9, 960.00000, 2444.7, -3.02516, 2454.97, -121.471, 2449.99, 118.324, 56.7926, 177.103, 56.5353, 58.6551, 56.6734, -61.5653
9, 1080.00000, 2498.12, -0.497824, 2505.71, -119.158, 2494.86, 120.604, 233.61, -179.964, 232.551, 61.3656, 233.908, -58.9256
9, 1200.00000, 2440.31, -3.21736, 2450.88, -121.648, 2446.4, 118.152, 43.3008, 176.878, 43.1031, 58.445, 43.1961, -61.7669
9, 1320.00000, 2455.33, -3.23335, 2466.7, -121.655, 2461.57, 118.143, 42.9551, 176.863, 42.744, 58.4403, 42.8451, -61.7742
9, 1440.00000, 2469.71, -3.27859, 2482.44, -121.681, 2460.82, 118.131, 41.1016, 176.813, 40.8767, 58.4089, 41.2436, -61.7884
9, 1560.00000, 2511.26, -0.634379, 2519.55, -119.276, 2508.3, 120.485, 224.545, 179.876, 223.505, 61.2254, 224.785, -59.0656
9, 1680.00000, 2511.32, -0.655032, 2502.98, -119.266, 2507.73, 120.454, 222.95, 179.85, 223.402, 61.2396, 223.291, -59.0997
9, 1800.00000, 2509.81, -0.72974, 2501.52, -119.336, 2506.46, 120.386, 217.726, 179.764, 218.133, 61.1586, 218.025, -59.1787
9, 1920.00000, 2510.08, -0.715854, 2501.79, -119.323, 2506.7, 120.399, 218.695, 179.78, 219.102, 61.1734, 218.999, -59.1643
9, 2040.00000, 2463.05, -2.91033, 2457.45, -121.346, 2467.48, 118.418, 65.2607, 177.238, 65.3825, 58.8018, 65.1481, -61.4538
9, 2160.00000, 2508.08, -0.81546, 2499.87, -119.414, 2504.99, 120.308, 211.751, 179.665, 212.15, 61.0668, 212.021, -59.2682
9, 2280.00000, 2506.57, -0.890828, 2498.41, -119.483, 2503.69, 120.24, 206.489, 179.579, 206.889, 60.9871, 206.736, -59.3464
9, 2400.00000, 2505.34, -0.951184, 2497.24, -119.539, 2502.65, 120.185, 202.28, 179.509, 202.672, 60.9222, 202.508, -59.4095
9, 2520.00000, 2507, -0.868787, 2498.84, -119.463, 2504.08, 120.26, 208.039, 179.603, 208.423, 61.0087, 208.289, -59.3245
9, 2640.00000, 2506.82, -0.878066, 2498.66, -119.472, 2503.92, 120.252, 207.385, 179.593, 207.778, 60.9999, 207.634, -59.3336
9, 2760.00000, 2507.92, -0.823573, 2499.72, -119.422, 2504.85, 120.301, 211.189, 179.655, 211.581, 61.0575, 211.455, -59.2771
9, 2880.00000, 2509.41, -0.749441, 2501.15, -119.354, 2506.12, 120.368, 216.358, 179.741, 216.755, 61.1368, 216.649, -59.1997
9, 3000.00000, 2474.17, -2.41667, 2467.8, -120.889, 2476.59, 118.862, 99.8407, 177.817, 100.058, 59.3419, 99.7686, -60.9332
9, 3120.00000, 2454.32, -3.27654, 2465.76, -121.695, 2460.76, 118.104, 39.9088, 176.813, 39.7169, 58.393, 39.803, -61.8195
9, 3240.00000, 2505.28, -0.932317, 2513.8, -119.547, 2503.2, 120.216, 203.788, 179.532, 202.832, 60.9082, 203.954, -59.3765
9, 3360.00000, 2504.93, -0.950516, 2513.42, -119.564, 2502.88, 120.198, 202.486, 179.511, 201.546, 60.8887, 202.652, -59.3962
9, 3480.00000, 2504.2, -0.986519, 2512.72, -119.597, 2502.25, 120.166, 199.976, 179.469, 199.047, 60.8506, 200.129, -59.4336
10, 0.00000, 2503.44, -1.02374, 2511.99, -119.631, 2501.61, 120.132, 197.381, 179.426, 196.465, 60.8111, 197.524, -59.4725
10, 120.00000, 2502.92, -1.04934, 2511.49, -119.654, 2501.17, 120.109, 195.597, 179.397, 194.688, 60.7838, 195.733, -59.4992
10, 240.00000, 2479.93, -2.14025, 2489.63, -120.651, 2481.79, 119.124, 119.424, 178.135, 118.884, 59.6186, 119.349, -60.6355
10, 360.00000, 2505.49, -0.922604, 2513.96, -119.539, 2503.36, 120.224, 204.433, 179.543, 203.478, 60.9182, 204.604, -59.367
10, 480.00000, 2504.95, -0.94932, 2513.44, -119.563, 2502.9, 120.199, 202.57, 179.512, 201.626, 60.89, 202.733, -59.3948
10, 600.00000, 2505.28, -0.933066, 2513.76, -119.548, 2503.18, 120.214, 203.705, 179.531, 202.752, 60.907, 203.873, -59.378
10, 720.00000, 2461.79, -2.95375, 2472.64, -121.398, 2466.81, 118.392, 62.4986, 177.189, 62.2014, 58.7417, 62.3747, -61.4846
10, 840.00000, 2471.66, -3.20608, 2467.89, -121.604, 2462.06, 118.183, 45.8819, 176.897, 45.9311, 58.4984, 46.0565, -61.7263
10, 960.00000, 2469.98, -3.2675, 2482.66, -121.671, 2461.03, 118.141, 41.8533, 176.826, 41.6316, 58.4205, 42.0033, -61.7772
10, 1080.00000, 2517.67, -1.11363, 2511.18, -119.674, 2500.1, 120.082, 192.143, 179.32, 192.406, 60.7584, 193.494, -59.5289
10, 1200.00000, 2501.5, -1.119, 2510.11, -119.718, 2499.95, 120.045, 190.731, 179.316, 189.839, 60.7095, 190.836, -59.5728
10, 1320.00000, 2500.85, -1.15067, 2509.5, -119.746, 2499.4, 120.017, 188.534, 179.28, 187.658, 60.6758, 188.642, -59.6051
10, 1440.00000, 2456.04, -3.20381, 2467.3, -121.628, 2462.11, 118.168, 44.9771, 176.897, 44.7613, 58.4706, 44.8691, -61.745
10, 1560.00000, 2500.61, -1.16233, 2509.28, -119.757, 2499.2, 120.007, 187.721, 179.266, 186.849, 60.6633, 187.826, -59.6173
10, 1680.00000, 2499.39, -1.22179, 2508.1, -119.811, 2498.16, 119.953, 183.569, 179.198, 182.723, 60.6005, 183.661, -59.6791
10, 1800.00000, 2499.43, -1.21946, 2508.15, -119.809, 2498.2, 119.955, 183.736, 179.2, 182.883, 60.6025, 183.826, -59.6769
10, 1920.00000, 2481.37, -2.07407, 2490.98, -120.59, 2482.99, 119.183, 124.053, 178.211, 123.488, 59.6894, 123.983, -60.5673
10, 2040.00000, 2452.27, -3.36484, 2463.87, -121.776, 2459.08, 118.025, 33.7289, 176.71, 33.5629, 58.2971, 33.6356, -61.9116
10, 2160.00000, 2497.36, -1.31912, 2506.2, -119.9, 2496.46, 119.865, 176.816, 179.085, 175.993, 60.4967, 176.879, -59.7802
10, 2280.00000, 2497.48, -1.31329, 2506.32, -119.894, 2496.56, 119.871, 177.223, 179.091, 176.398, 60.5029, 177.288, -59.7741
10, 2400.00000, 2501.01, -1.14179, 2509.7, -119.738, 2499.56, 120.026, 189.186, 179.29, 188.303, 60.6853, 189.295, -59.5953
10, 2520.00000, 2457.34, -3.14648, 2468.56, -121.575, 2463.2, 118.22, 49.0308, 176.965, 48.7936, 58.5344, 48.9152, -61.6838
10, 2640.00000, 2468.11, -3.34708, 2480.95, -121.744, 2459.52, 118.07, 36.3076, 176.733, 36.1081, 58.3346, 36.4285, -61.8604
10, 2760.00000, 2466.77, -3.4046, 2479.69, -121.797, 2458.41, 118.017, 32.2611, 176.666, 32.0868, 58.2719, 32.3708, -61.9214
10, 2880.00000, 2510.27, -1.44986, 2520.65, -120.006, 2494.4, 119.788, 168.881, 178.93, 167.993, 60.3669, 169.944, -59.8707
10, 3000.00000, 2471.24, -3.21362, 2483.84, -121.621, 2462.04, 118.189, 45.6318, 176.889, 45.3874, 58.479, 45.8022, -61.7206
10, 3120.00000, 2470.91, -3.22798, 2483.52, -121.634, 2461.77, 118.176, 44.6239, 176.872, 44.3852, 58.4635, 44.7898, -61.7357
10, 3240.00000, 2501.73, -1.85148, 2512.5, -120.372, 2487.23, 119.423, 140.86, 178.467, 140.121, 59.9402, 141.673, -60.2918
10, 3360.00000, 2486.03, -2.5664, 2497.65, -121.027, 2474.17, 118.774, 90.9067, 177.641, 90.43, 59.176, 91.3406, -61.0419
10, 3480.00000, 2508.33, -1.54178, 2518.79, -120.09, 2492.77, 119.704, 162.462, 178.826, 161.611, 60.2702, 163.466, -59.9668
11, 0.00000, 2510.26, -1.46855, 2504.11, -120.001, 2493.87, 119.758, 167.381, 178.91, 167.609, 60.3776, 168.483, -59.9024
11, 120.00000, 2504.76, -1.72713, 2498.88, -120.239, 2489.27, 119.523, 149.322, 178.611, 149.522, 60.0994, 150.25, -60.1745
11, 240.00000, 2510.14, -1.47419, 2503.98, -120.006, 2493.77, 119.753, 166.982, 178.904, 167.2, 60.3713, 168.072, -59.9087
11, 360.00000, 2470.11, -3.27288, 2466.42, -121.666, 2460.79, 118.123, 41.1729, 176.818, 41.2254, 58.4243, 41.3313, -61.7972
11, 480.00000, 2501.03, -1.9002, 2495.35, -120.398, 2486.17, 119.366, 137.234, 178.411, 137.418, 59.9131, 138.054, -60.3563
11, 600.00000, 2463.24, -3.56382, 2460.08, -121.936, 2455.25, 117.861, 20.7769, 176.476, 20.8032, 58.1031, 20.8468, -62.1048
11, 720.00000, 2505.26, -1.70378, 2499.35, -120.217, 2489.69, 119.544, 150.953, 178.638, 151.155, 60.1245, 151.895, -60.15
11, 840.00000, 2504.64, -1.73297, 2498.76, -120.244, 2489.17, 119.518, 148.911, 178.605, 149.113, 60.0934, 149.836, -60.1805
11, 960.00000, 2504.41, -1.74348, 2498.54, -120.254, 2488.98, 119.508, 148.179, 178.592, 148.378, 60.0819, 149.097, -60.1917
11, 1080.00000, 2502.91, -1.81361, 2497.12, -120.318, 2487.72, 119.444, 143.274, 178.512, 143.473, 60.0072, 144.151, -60.2649
11, 1200.00000, 2503.91, -1.76685, 2498.07, -120.275, 2488.56, 119.487, 146.554, 178.565, 146.745, 60.0562, 147.454, -60.2166
11, 1320.00000, 2503.91, -1.76685, 2498.07, -120.275, 2488.56, 119.487, 146.548, 178.565, 146.745, 60.0567, 147.451, -60.2163
11, 1440.00000, 2502.38, -1.83817, 2496.62, -120.341, 2487.28, 119.422, 141.558, 178.483, 141.755, 59.9808, 142.42, -60.2906
11, 1560.00000, 2464.27, -3.52044, 2461.03, -121.896, 2456.08, 117.9, 23.819, 176.528, 23.8491, 58.1515, 23.9008, -62.0585
11, 1680.00000, 2478.25, -3.58033, 2476.4, -121.935, 2455.02, 117.874, 20.9931, 176.461, 21.0037, 58.1062, 21.1877, -62.0904
11, 1800.00000, 2478.48, -3.57165, 2476.58, -121.927, 2455.17, 117.881, 21.5782, 176.471, 21.592, 58.1156, 21.783, -62.0816
11, 1920.00000, 2515.88, -1.93425, 2511.63, -120.415, 2485.77, 119.373, 136.102, 178.37, 136.196, 59.8888, 137.741, -60.3483
11, 2040.00000, 2499.08, -1.97436, 2509.97, -120.485, 2485.01, 119.311, 132.258, 178.327, 131.576, 59.8099, 133.006, -60.421
11, 2160.00000, 2497.67, -2.03901, 2508.64, -120.544, 2483.84, 119.252, 127.755, 178.252, 127.089, 59.7408, 128.461, -60.4886
11, 2280.00000, 2492.21, -2.28855, 2503.47, -120.772, 2479.29, 119.026, 110.322, 177.963, 109.749, 59.4738, 110.896, -60.7505
11, 2400.00000, 2495.17, -2.15312, 2506.29, -120.648, 2481.76, 119.149, 119.803, 178.119, 119.167, 59.618, 120.439, -60.6089
11, 2520.00000, 2495.16, -2.15424, 2506.26, -120.649, 2481.74, 119.148, 119.707, 178.118, 119.083, 59.6176, 120.35, -60.6096
11, 2640.00000, 2494.16, -2.20014, 2505.31, -120.691, 2480.91, 119.106, 116.495, 178.065, 115.892, 59.5688, 117.116, -60.6576
11, 2760.00000, 2492.4, -2.28027, 2503.64, -120.765, 2479.44, 119.033, 110.892, 177.973, 110.32, 59.4834, 111.473, -60.7414
11, 2880.00000, 2491.53, -2.31922, 2502.83, -120.8, 2478.73, 118.998, 108.176, 177.927, 107.615, 59.4414, 108.735, -60.7824
11, 3000.00000, 2491.09, -2.33929, 2502.41, -120.819, 2478.36, 118.98, 106.776, 177.904, 106.221, 59.4197, 107.323, -60.8036
11, 3120.00000, 2480.07, -2.83006, 2492.07, -121.269, 2469.27, 118.536, 72.4624, 177.335, 72.0851, 58.8925, 72.7832, -61.318
11, 3240.00000, 2491.68, -2.31218, 2502.98, -120.794, 2478.85, 119.004, 108.681, 177.935, 108.108, 59.4487, 109.236, -60.7754
11, 3360.00000, 2491.4, -2.32513, 2502.71, -120.806, 2478.62, 118.993, 107.767, 177.92, 107.206, 59.4348, 108.321, -60.7888
11, 3480.00000, 2490.31, -2.37471, 2501.67, -120.851, 2477.71, 118.948, 104.297, 177.863, 103.756, 59.3821, 104.828, -60.8405
12, 0.00000, 2480.02, -2.83244, 2492.01, -121.271, 2469.22, 118.533, 72.2962, 177.332, 71.9193, 58.8899, 72.6156, -61.3205
12, 120.00000, 2463.74, -3.5334, 2476.87, -121.915, 2455.95, 117.901, 23.2262, 176.512, 23.1075, 58.1288, 23.3062, -62.0553
12, 240.00000, 2466.29, -3.42507, 2479.24, -121.816, 2458.02, 117.999, 30.8284, 176.642, 30.6616, 58.2497, 30.9321, -61.943
12, 360.00000, 2464.02, -3.52144, 2477.14, -121.904, 2456.18, 117.912, 24.0768, 176.528, 23.9471, 58.144, 24.1546, -62.0447
12, 480.00000, 2486.93, -2.52613, 2498.5, -120.99, 2474.92, 118.811, 93.7225, 177.687, 93.2314, 59.2193, 94.1755, -60.9997
12, 600.00000, 2463.01, -3.56471, 2476.18, -121.944, 2455.35, 117.873, 21.0256, 176.473, 20.9222, 58.0926, 21.1004, -62.087
12, 720.00000, 2465.7, -3.45035, 2478.69, -121.839, 2457.54, 117.976, 29.0577, 176.612, 28.9003, 58.2221, 29.1542, -61.9697
12, 840.00000, 2480.39, -2.81588, 2492.37, -121.256, 2469.53, 118.549, 73.4724, 177.351, 73.0776, 58.9083, 73.7889, -61.3038
12, 960.00000, 2487.59, -2.49655, 2499.12, -120.963, 2475.46, 118.837, 95.7944, 177.722, 95.2895, 59.2511, 96.2589, -60.9688
12, 1080.00000, 2488.22, -2.46814, 2499.72, -120.937, 2475.99, 118.863, 97.7804, 177.754, 97.2663, 59.2811, 98.2598, -60.9392
12, 1200.00000, 2485.35, -2.59717, 2497, -121.055, 2473.6, 118.746, 88.7333, 177.606, 88.2785, 59.1452, 89.1612, -61.0725
12, 1320.00000, 2463.75, -3.53335, 2476.87, -121.915, 2455.95, 117.901, 23.224, 176.511, 23.1078, 58.128, 23.3061, -62.0544
12, 1440.00000, 2476.79, -3.64171, 2475.05, -121.992, 2453.83, 117.818, 16.7041, 176.388, 16.7111, 58.0381, 16.8585, -62.1567
12, 1560.00000, 2475.26, -3.70408, 2473.08, -122.059, 2467.96, 117.738, 11.7326, 176.311, 11.7433, 57.9558, 11.7691, -62.2514
12, 1680.00000, 2474.06, -3.7534, 2471.99, -122.105, 2467.02, 117.694, 8.27613, 176.248, 8.28351, 57.8965, 8.30024, -62.3085
12, 1800.00000, 2473.97, -3.75717, 2471.91, -122.108, 2466.94, 117.691, 8.02376, 176.244, 8.03049, 57.8924, 8.04668, -62.3127
12, 1920.00000, 2474.02, -3.75479, 2471.97, -122.106, 2466.99, 117.693, 8.19257, 176.247, 8.19936, 57.8954, 8.21595, -62.3098
12, 2040.00000, 2474.14, -3.74998, 2472.07, -122.102, 2467.08, 117.697, 8.53, 176.253, 8.53705, 57.9014, 8.55441, -62.304
12, 2160.00000, 2477.25, -3.62046, 2474.96, -121.981, 2469.59, 117.814, 17.6288, 176.411, 17.6419, 58.0507, 17.6822, -62.1591
12, 2280.00000, 2491.34, -3.02529, 2487.95, -121.43, 2480.96, 118.351, 59.2507, 177.107, 59.306, 58.7029, 59.498, -61.5316
12, 2400.00000, 2491.43, -3.02157, 2488.02, -121.426, 2481.03, 118.354, 59.498, 177.112, 59.5561, 58.7071, 59.7479, -61.5282
12, 2520.00000, 2490.71, -3.05238, 2487.35, -121.455, 2480.45, 118.326, 57.3369, 177.077, 57.3936, 58.6739, 57.5754, -61.5604
12, 2640.00000, 2489.47, -3.10583, 2486.19, -121.505, 2479.44, 118.277, 53.5942, 177.015, 53.6473, 58.616, 53.8127, -61.6164
12, 2760.00000, 2488.38, -3.15227, 2485.19, -121.547, 2478.55, 118.236, 50.3479, 176.961, 50.3971, 58.5654, 50.5489, -61.6651
12, 2880.00000, 2487.32, -3.19754, 2484.21, -121.589, 2477.69, 118.195, 47.1817, 176.908, 47.2274, 58.5161, 47.3663, -61.7126
12, 3000.00000, 2474.5, -3.73527, 2472.39, -122.088, 2467.37, 117.71, 9.54099, 176.272, 9.54988, 57.9187, 9.56922, -62.287
12, 3120.00000, 2472.9, -3.80154, 2470.92, -122.15, 2466.08, 117.651, 4.90023, 176.179, 4.90494, 57.8309, 4.91427, -62.3723
12, 3240.00000, 2473.43, -3.77895, 2471.43, -122.128, 2466.52, 117.671, 6.50534, 176.215, 6.51062, 57.8649, 6.52345, -62.3398
12, 3360.00000, 2473.58, -3.77288, 2471.57, -122.123, 2466.64, 117.677, 6.92708, 176.223, 6.93282, 57.8726, 6.94658, -62.3321
12, 3480.00000, 2479.86, -3.51213, 2477.34, -121.881, 2471.68, 117.911, 25.1877, 176.54, 25.2089, 58.1713, 25.2709, -62.0436
13, 0.00000, 2483.73, -3.34928, 2480.91, -121.73, 2474.8, 118.058, 36.5799, 176.73, 36.6126, 58.35, 36.712, -61.8719
13, 120.00000, 2483, -3.38022, 2480.22, -121.759, 2474.21, 118.03, 34.4037, 176.695, 34.4354, 58.3164, 34.5269, -61.9045
13, 240.00000, 2482.35, -3.40774, 2479.62, -121.784, 2473.68, 118.005, 32.4786, 176.663, 32.5083, 58.2862, 32.5932, -61.9335
13, 360.00000, 2481.47, -3.44482, 2478.81, -121.819, 2472.97, 117.972, 29.8819, 176.619, 29.9091, 58.2456, 29.9854, -61.9727
13, 480.00000, 2480.7, -3.47717, 2478.1, -121.849, 2472.35, 117.943, 27.6188, 176.581, 27.6437, 58.21, 27.7128, -62.0068
13, 600.00000, 2479.98, -3.50714, 2477.44, -121.876, 2471.77, 117.916, 25.522, 176.546, 25.5448, 58.1769, 25.6074, -62.0386
13, 720.00000, 2479.18, -3.5407, 2476.7, -121.907, 2471.13, 117.885, 23.1718, 176.507, 23.1923, 58.1399, 23.2479, -62.0742
13, 840.00000, 2478.58, -3.56592, 2476.14, -121.931, 2470.64, 117.863, 21.4083, 176.477, 21.427, 58.1119, 21.4775, -62.1011
13, 960.00000, 2478.11, -3.58515, 2475.72, -121.949, 2470.27, 117.845, 20.064, 176.454, 20.0814, 58.0905, 20.1281, -62.1216
13, 1080.00000, 2477.77, -3.59957, 2475.4, -121.962, 2469.99, 117.833, 19.0554, 176.437, 19.0718, 58.0744, 19.1157, -62.137
13, 1200.00000, 2477.39, -3.61518, 2475.06, -121.976, 2469.69, 117.818, 17.9623, 176.418, 17.9777, 58.0569, 18.0186, -62.1538
13, 1320.00000, 2476.93, -3.6344, 2474.63, -121.994, 2469.32, 117.801, 16.6164, 176.395, 16.6307, 58.0354, 16.6679, -62.1746
13, 1440.00000, 2476.7, -3.64404, 2474.42, -122.003, 2469.13, 117.793, 15.9434, 176.384, 15.957, 58.0245, 15.9925, -62.185
13, 1560.00000, 2476.24, -3.66325, 2473.99, -122.021, 2468.76, 117.775, 14.5966, 176.361, 14.6091, 58.0027, 14.6411, -62.206
13, 1680.00000, 2473.44, -3.77968, 2471.4, -122.129, 2466.51, 117.67, 6.41903, 176.211, 6.42541, 57.8614, 6.43797, -62.3421
13, 1800.00000, 2475.23, -3.70446, 2473.09, -122.059, 2467.97, 117.739, 11.7347, 176.311, 11.7436, 57.9557, 11.7686, -62.2512
13, 1920.00000, 2474.27, -3.74501, 2472.18, -122.097, 2467.18, 117.702, 8.86667, 176.259, 8.87442, 57.907, 8.89252, -62.2984
13, 2040.00000, 2474.08, -3.75234, 2472.02, -122.104, 2467.04, 117.695, 8.36112, 176.25, 8.36815, 57.8983, 8.38511, -62.3069
13, 2160.00000, 2473.88, -3.76077, 2471.83, -122.112, 2466.87, 117.688, 7.77062, 176.239, 7.77717, 57.8878, 7.7928, -62.3172
13, 2280.00000, 2472.49, -3.81846, 2470.54, -122.165, 2465.75, 117.636, 3.71802, 176.15, 3.7217, 57.8027, 3.72858, -62.4004
13, 2400.00000, 2473.49, -3.77661, 2471.49, -122.126, 2466.57, 117.674, 6.67441, 176.219, 6.67965, 57.8683, 6.69287, -62.3366
13, 2520.00000, 2472.92, -3.80049, 2470.95, -122.149, 2466.1, 117.652, 4.98522, 176.182, 4.98965, 57.8337, 4.9992, -62.3702
13, 2640.00000, 2472.68, -3.81019, 2470.73, -122.157, 2465.92, 117.643, 4.30984, 176.167, 4.31363, 57.819, 4.32176, -62.3851
13, 2760.00000, 2472.5, -3.81743, 2470.57, -122.164, 2465.77, 117.637, 3.8031, 176.154, 3.80648, 57.8067, 3.81356, -62.3976
13, 2880.00000, 2472.33, -3.82467, 2470.41, -122.171, 2465.63, 117.63, 3.29625, 176.14, 3.29924, 57.793, 3.30528, -62.4116
13, 3000.00000, 2472.24, -3.8283, 2470.33, -122.174, 2465.56, 117.627, 3.04284, 176.133, 3.04561, 57.7856, 3.05114, -62.4193
13, 3120.00000, 2471.51, -3.85838, 2469.66, -122.202, 2464.98, 117.6, 0.929668, 175.986, 0.930982, 57.6401, 0.932327, -62.5716
13, 3240.00000, 2471.18, -3.87172, 2469.36, -122.215, 2464.72, 117.588, 0.00250903, 79.5579, 0.00255402, -26.8764, 0.00280951, -156.269
13, 3360.00000, 2471.18, -3.87177, 2469.36, -122.215, 2464.72, 117.588, 0.00243099, 82.3403, 0.00251195, -25.5678, 0.0027926, -155.116
13, 3480.00000, 2471.33, -3.86575, 2469.5, -122.209, 2464.84, 117.593, 0.422725, 175.81, 0.423454, 57.4571, 0.423837, -62.7822
14, 0.00000, 2471.18, -3.87175, 2469.36, -122.215, 2464.72, 117.588, 0.00246294, 81.1216, 0.0025305, -26.1964, 0.00280092, -155.621
14, 120.00000, 2471.24, -3.86936, 2469.42, -122.212, 2464.76, 117.59, 0.169015, 175.313, 0.169578, 56.9478, 0.169481, -63.3519
14, 240.00000, 2471.18, -3.87176, 2469.36, -122.215, 2464.72, 117.588, 0.0024428, 81.8698, 0.00251921, -25.829, 0.00279614, -155.312
14, 360.00000, 2471.18, -3.87177, 2469.36, -122.215, 2464.72, 117.588, 0.00242984, 82.3697, 0.00251179, -25.5802, 0.00279293, -155.107
14, 480.00000, 2471.18, -3.87177, 2469.36, -122.215, 2464.72, 117.588, 0.0024296, 82.3759, 0.00251174, -25.5825, 0.002793, -155.105
14, 600.00000, 2471.18, -3.87177, 2469.36, -122.215, 2464.72, 117.588, 0.0024296, 82.3759, 0.00251175, -25.5826, 0.002793, -155.105
14, 720.00000, 2471.18, -3.87177, 2469.36, -122.215, 2464.72, 117.588, 0.0024296, 82.3759, 0.00251175, -25.5826, 0.002793, -155.105
14, 840.00000, 2471.18, -3.87177, 2469.36, -122.215, 2464.72, 117.588, 0.0024296, 82.3759, 0.00251175, -25.5826, 0.002793, -155.105
14, 960.00000, 2471.18, -3.87177, 2469.36, -122.215, 2464.72, 117.588, 0.0024296, 82.3759, 0.00251175, -25.5826, 0.002793, -155.105
14, 1080.00000, 2471.18, -3.87177, 2469.36, -122.215, 2464.72, 117.588, 0.0024296, 82.3759, 0.00251175, -25.5826, 0.002793, -155.105
14, 1200.00000, 2471.18, -3.87177, 2469.36, -122.215, 2464.72, 117.588, 0.0024296, 82.3759, 0.00251175, -25.5826, 0.002793, -155.105
